,payload,annotation,created_at,id,task_id,updated_at,user_id,count,unique,factual_id
972,f31c4048-22a3-494f-a302-ea7e2e62ffd1,unsure,2018-05-03T19:32:22.660Z,145949,56606,2018-05-03T19:51:23.073Z,17,1,56606f31c4048-22a3-494f-a302-ea7e2e62ffd1,f31c4048-22a3-494f-a302-ea7e2e62ffd1
986,f31c4048-22a3-494f-a302-ea7e2e62ffd1,non-duplicate,2018-05-03T19:34:19.842Z,145955,56606,2018-05-03T19:49:32.282Z,44,1,56606f31c4048-22a3-494f-a302-ea7e2e62ffd1,f31c4048-22a3-494f-a302-ea7e2e62ffd1
1000,f31c4048-22a3-494f-a302-ea7e2e62ffd1,duplicate,2018-05-03T19:33:04.732Z,145952,56606,2018-05-07T20:37:00.237Z,21,1,56606f31c4048-22a3-494f-a302-ea7e2e62ffd1,f31c4048-22a3-494f-a302-ea7e2e62ffd1
1014,f31c4048-22a3-494f-a302-ea7e2e62ffd1,non-duplicate,2018-05-03T19:33:40.649Z,145954,56606,2018-05-03T19:36:46.436Z,45,1,56606f31c4048-22a3-494f-a302-ea7e2e62ffd1,f31c4048-22a3-494f-a302-ea7e2e62ffd1
1028,f31c4048-22a3-494f-a302-ea7e2e62ffd1,duplicate,2018-05-03T19:33:12.892Z,145953,56606,2018-05-03T19:34:27.877Z,22,1,56606f31c4048-22a3-494f-a302-ea7e2e62ffd1,f31c4048-22a3-494f-a302-ea7e2e62ffd1
1375,3002c5c5-168f-4ea1-9ba4-414d53863ecd,unsure,2018-05-03T19:44:35.979Z,145981,56612,2018-05-07T20:50:53.141Z,21,1,566123002c5c5-168f-4ea1-9ba4-414d53863ecd,3002c5c5-168f-4ea1-9ba4-414d53863ecd
1389,3002c5c5-168f-4ea1-9ba4-414d53863ecd,unsure,2018-05-03T19:44:56.068Z,145983,56612,2018-05-04T20:13:00.787Z,40,1,566123002c5c5-168f-4ea1-9ba4-414d53863ecd,3002c5c5-168f-4ea1-9ba4-414d53863ecd
1403,3002c5c5-168f-4ea1-9ba4-414d53863ecd,non-duplicate,2018-05-03T19:45:09.871Z,145985,56612,2018-05-03T19:56:54.279Z,37,1,566123002c5c5-168f-4ea1-9ba4-414d53863ecd,3002c5c5-168f-4ea1-9ba4-414d53863ecd
1417,3002c5c5-168f-4ea1-9ba4-414d53863ecd,duplicate,2018-05-03T19:45:08.189Z,145984,56612,2018-05-03T19:50:16.454Z,38,1,566123002c5c5-168f-4ea1-9ba4-414d53863ecd,3002c5c5-168f-4ea1-9ba4-414d53863ecd
1431,3002c5c5-168f-4ea1-9ba4-414d53863ecd,duplicate,2018-05-03T19:44:42.469Z,145982,56612,2018-05-03T19:47:05.440Z,22,1,566123002c5c5-168f-4ea1-9ba4-414d53863ecd,3002c5c5-168f-4ea1-9ba4-414d53863ecd
2969,2d86c5a0-9299-4468-90c5-918c983225f5,duplicate,2018-05-03T20:27:15.914Z,146101,56635,2018-05-04T16:04:17.085Z,47,1,566352d86c5a0-9299-4468-90c5-918c983225f5,2d86c5a0-9299-4468-90c5-918c983225f5
2983,2d86c5a0-9299-4468-90c5-918c983225f5,unsure,2018-05-03T20:27:34.770Z,146102,56635,2018-05-03T20:36:08.320Z,41,1,566352d86c5a0-9299-4468-90c5-918c983225f5,2d86c5a0-9299-4468-90c5-918c983225f5
2997,2d86c5a0-9299-4468-90c5-918c983225f5,non-duplicate,2018-05-03T20:25:06.398Z,146098,56635,2018-05-03T20:26:46.973Z,26,1,566352d86c5a0-9299-4468-90c5-918c983225f5,2d86c5a0-9299-4468-90c5-918c983225f5
3011,2d86c5a0-9299-4468-90c5-918c983225f5,duplicate,2018-05-03T20:25:32.047Z,146099,56635,2018-05-03T20:29:59.584Z,44,1,566352d86c5a0-9299-4468-90c5-918c983225f5,2d86c5a0-9299-4468-90c5-918c983225f5
3025,2d86c5a0-9299-4468-90c5-918c983225f5,non-duplicate,2018-05-03T20:24:40.489Z,146097,56635,2018-05-03T20:32:44.783Z,33,1,566352d86c5a0-9299-4468-90c5-918c983225f5,2d86c5a0-9299-4468-90c5-918c983225f5
6866,d77ba973-da68-459f-9fc9-353763cf6861,unsure,2018-05-04T13:31:06.740Z,146432,56692,2018-05-14T19:07:18.351Z,25,1,56692d77ba973-da68-459f-9fc9-353763cf6861,d77ba973-da68-459f-9fc9-353763cf6861
6880,d77ba973-da68-459f-9fc9-353763cf6861,non-duplicate,2018-05-04T13:29:10.463Z,146426,56692,2018-05-04T13:37:24.556Z,58,1,56692d77ba973-da68-459f-9fc9-353763cf6861,d77ba973-da68-459f-9fc9-353763cf6861
6894,d77ba973-da68-459f-9fc9-353763cf6861,duplicate,2018-05-04T13:30:26.063Z,146430,56692,2018-05-04T13:37:00.383Z,39,1,56692d77ba973-da68-459f-9fc9-353763cf6861,d77ba973-da68-459f-9fc9-353763cf6861
6908,d77ba973-da68-459f-9fc9-353763cf6861,non-duplicate,2018-05-04T13:30:14.140Z,146429,56692,2018-05-04T13:31:45.563Z,45,1,56692d77ba973-da68-459f-9fc9-353763cf6861,d77ba973-da68-459f-9fc9-353763cf6861
6922,d77ba973-da68-459f-9fc9-353763cf6861,duplicate,2018-05-04T13:28:34.313Z,146424,56692,2018-05-04T13:34:32.061Z,23,1,56692d77ba973-da68-459f-9fc9-353763cf6861,d77ba973-da68-459f-9fc9-353763cf6861
7068,48939825-dd8f-4321-a531-65b2268e9544,non-duplicate,2018-05-15T18:47:45.881Z,158625,56695,2018-05-15T19:52:21.599Z,47,1,5669548939825-dd8f-4321-a531-65b2268e9544,48939825-dd8f-4321-a531-65b2268e9544
7082,48939825-dd8f-4321-a531-65b2268e9544,unsure,2018-05-04T13:36:42.012Z,146457,56695,2018-05-04T13:50:24.789Z,21,1,5669548939825-dd8f-4321-a531-65b2268e9544,48939825-dd8f-4321-a531-65b2268e9544
7096,48939825-dd8f-4321-a531-65b2268e9544,duplicate,2018-05-04T13:36:54.399Z,146459,56695,2018-05-04T13:40:54.015Z,40,1,5669548939825-dd8f-4321-a531-65b2268e9544,48939825-dd8f-4321-a531-65b2268e9544
7110,48939825-dd8f-4321-a531-65b2268e9544,duplicate,2018-05-04T13:37:01.423Z,146460,56695,2018-05-04T13:39:11.668Z,39,1,5669548939825-dd8f-4321-a531-65b2268e9544,48939825-dd8f-4321-a531-65b2268e9544
7124,48939825-dd8f-4321-a531-65b2268e9544,non-duplicate,2018-05-04T13:34:53.746Z,146447,56695,2018-05-04T13:38:01.242Z,45,1,5669548939825-dd8f-4321-a531-65b2268e9544,48939825-dd8f-4321-a531-65b2268e9544
9189,1e50af1c-4ed6-4edf-a0df-203deea244ee,non-duplicate,2018-05-04T15:23:15.428Z,146676,56726,2018-05-04T15:29:10.721Z,47,1,567261e50af1c-4ed6-4edf-a0df-203deea244ee,1e50af1c-4ed6-4edf-a0df-203deea244ee
9203,1e50af1c-4ed6-4edf-a0df-203deea244ee,duplicate,2018-05-04T15:24:33.066Z,146682,56726,2018-05-04T15:26:40.228Z,46,1,567261e50af1c-4ed6-4edf-a0df-203deea244ee,1e50af1c-4ed6-4edf-a0df-203deea244ee
9217,1e50af1c-4ed6-4edf-a0df-203deea244ee,duplicate,2018-05-04T15:24:05.186Z,146680,56726,2018-05-04T15:25:20.446Z,16,1,567261e50af1c-4ed6-4edf-a0df-203deea244ee,1e50af1c-4ed6-4edf-a0df-203deea244ee
9231,1e50af1c-4ed6-4edf-a0df-203deea244ee,unsure,2018-05-04T15:24:02.118Z,146679,56726,2018-05-04T15:24:59.061Z,21,1,567261e50af1c-4ed6-4edf-a0df-203deea244ee,1e50af1c-4ed6-4edf-a0df-203deea244ee
9245,1e50af1c-4ed6-4edf-a0df-203deea244ee,non-duplicate,2018-05-04T15:23:19.053Z,146677,56726,2018-05-04T15:24:07.786Z,45,1,567261e50af1c-4ed6-4edf-a0df-203deea244ee,1e50af1c-4ed6-4edf-a0df-203deea244ee
9329,755728f0-fa22-4068-b3be-04755c4e4eac,unsure,2018-05-15T18:48:48.191Z,158636,56728,2018-05-15T18:51:13.591Z,21,1,56728755728f0-fa22-4068-b3be-04755c4e4eac,755728f0-fa22-4068-b3be-04755c4e4eac
9343,755728f0-fa22-4068-b3be-04755c4e4eac,non-duplicate,2018-05-04T15:25:22.827Z,146689,56728,2018-05-04T15:31:01.802Z,45,1,56728755728f0-fa22-4068-b3be-04755c4e4eac,755728f0-fa22-4068-b3be-04755c4e4eac
9357,755728f0-fa22-4068-b3be-04755c4e4eac,duplicate,2018-05-04T15:25:27.809Z,146691,56728,2018-05-04T15:28:40.028Z,26,1,56728755728f0-fa22-4068-b3be-04755c4e4eac,755728f0-fa22-4068-b3be-04755c4e4eac
9371,755728f0-fa22-4068-b3be-04755c4e4eac,non-duplicate,2018-05-04T15:25:21.359Z,146688,56728,2018-05-04T15:26:33.470Z,37,1,56728755728f0-fa22-4068-b3be-04755c4e4eac,755728f0-fa22-4068-b3be-04755c4e4eac
9385,755728f0-fa22-4068-b3be-04755c4e4eac,duplicate,2018-05-04T15:25:20.850Z,146687,56728,2018-05-04T15:27:05.940Z,16,1,56728755728f0-fa22-4068-b3be-04755c4e4eac,755728f0-fa22-4068-b3be-04755c4e4eac
17897,ccf5c2b8-0f84-4ae6-b54e-9bdb67262fa4,unsure,2018-05-16T13:19:28.477Z,159548,56852,2018-05-16T13:20:49.389Z,20,1,56852ccf5c2b8-0f84-4ae6-b54e-9bdb67262fa4,ccf5c2b8-0f84-4ae6-b54e-9bdb67262fa4
17911,ccf5c2b8-0f84-4ae6-b54e-9bdb67262fa4,duplicate,2018-05-16T13:19:26.580Z,159547,56852,2018-05-16T13:22:10.544Z,46,1,56852ccf5c2b8-0f84-4ae6-b54e-9bdb67262fa4,ccf5c2b8-0f84-4ae6-b54e-9bdb67262fa4
17925,ccf5c2b8-0f84-4ae6-b54e-9bdb67262fa4,duplicate,2018-05-04T19:34:52.297Z,147434,56852,2018-05-07T14:02:46.693Z,29,1,56852ccf5c2b8-0f84-4ae6-b54e-9bdb67262fa4,ccf5c2b8-0f84-4ae6-b54e-9bdb67262fa4
17939,ccf5c2b8-0f84-4ae6-b54e-9bdb67262fa4,non-duplicate,2018-05-04T19:37:01.652Z,147439,56852,2018-05-04T19:46:21.595Z,37,1,56852ccf5c2b8-0f84-4ae6-b54e-9bdb67262fa4,ccf5c2b8-0f84-4ae6-b54e-9bdb67262fa4
17953,ccf5c2b8-0f84-4ae6-b54e-9bdb67262fa4,non-duplicate,2018-05-04T19:35:41.999Z,147436,56852,2018-05-04T19:41:30.211Z,17,1,56852ccf5c2b8-0f84-4ae6-b54e-9bdb67262fa4,ccf5c2b8-0f84-4ae6-b54e-9bdb67262fa4
18102,b7578fc2-3e9b-4369-a472-0741f5b6debf,non-duplicate,2018-05-04T19:43:06.936Z,147454,56855,2018-05-07T18:05:24.537Z,31,1,56855b7578fc2-3e9b-4369-a472-0741f5b6debf,b7578fc2-3e9b-4369-a472-0741f5b6debf
18115,b7578fc2-3e9b-4369-a472-0741f5b6debf,non-duplicate,2018-05-04T19:43:01.241Z,147453,56855,2018-05-04T19:47:29.632Z,47,1,56855b7578fc2-3e9b-4369-a472-0741f5b6debf,b7578fc2-3e9b-4369-a472-0741f5b6debf
18128,b7578fc2-3e9b-4369-a472-0741f5b6debf,duplicate,2018-05-04T19:41:53.443Z,147452,56855,2018-05-04T19:49:42.259Z,58,1,56855b7578fc2-3e9b-4369-a472-0741f5b6debf,b7578fc2-3e9b-4369-a472-0741f5b6debf
18141,b7578fc2-3e9b-4369-a472-0741f5b6debf,unsure,2018-05-04T19:41:30.788Z,147451,56855,2018-05-04T19:49:36.028Z,17,1,56855b7578fc2-3e9b-4369-a472-0741f5b6debf,b7578fc2-3e9b-4369-a472-0741f5b6debf
18154,b7578fc2-3e9b-4369-a472-0741f5b6debf,duplicate,2018-05-04T19:40:18.663Z,147447,56855,2018-05-04T19:43:15.028Z,29,1,56855b7578fc2-3e9b-4369-a472-0741f5b6debf,b7578fc2-3e9b-4369-a472-0741f5b6debf
19063,9f2cea64-2ce3-4ced-ba65-340d0dc643ad,duplicate,2018-05-15T18:52:44.972Z,158667,56869,2018-05-15T18:53:25.393Z,30,1,568699f2cea64-2ce3-4ced-ba65-340d0dc643ad,9f2cea64-2ce3-4ced-ba65-340d0dc643ad
19077,9f2cea64-2ce3-4ced-ba65-340d0dc643ad,unsure,2018-05-04T20:18:21.581Z,147530,56869,2018-05-04T20:24:35.113Z,36,1,568699f2cea64-2ce3-4ced-ba65-340d0dc643ad,9f2cea64-2ce3-4ced-ba65-340d0dc643ad
19091,9f2cea64-2ce3-4ced-ba65-340d0dc643ad,non-duplicate,2018-05-04T20:17:54.827Z,147527,56869,2018-05-04T20:18:59.896Z,26,1,568699f2cea64-2ce3-4ced-ba65-340d0dc643ad,9f2cea64-2ce3-4ced-ba65-340d0dc643ad
19105,9f2cea64-2ce3-4ced-ba65-340d0dc643ad,non-duplicate,2018-05-04T20:18:40.236Z,147532,56869,2018-05-04T20:21:05.610Z,43,1,568699f2cea64-2ce3-4ced-ba65-340d0dc643ad,9f2cea64-2ce3-4ced-ba65-340d0dc643ad
19119,9f2cea64-2ce3-4ced-ba65-340d0dc643ad,unsure,2018-05-04T20:02:46.156Z,147510,56869,2018-05-04T20:03:55.714Z,20,1,568699f2cea64-2ce3-4ced-ba65-340d0dc643ad,9f2cea64-2ce3-4ced-ba65-340d0dc643ad
19129,79a48051-6d27-456c-8df6-51be3059b16a,duplicate,2018-05-04T20:18:43.787Z,147533,56870,2018-05-07T13:10:48.054Z,16,1,5687079a48051-6d27-456c-8df6-51be3059b16a,79a48051-6d27-456c-8df6-51be3059b16a
19143,79a48051-6d27-456c-8df6-51be3059b16a,duplicate,2018-05-04T20:18:50.882Z,147534,56870,2018-05-04T21:14:18.880Z,21,1,5687079a48051-6d27-456c-8df6-51be3059b16a,79a48051-6d27-456c-8df6-51be3059b16a
19157,79a48051-6d27-456c-8df6-51be3059b16a,unsure,2018-05-04T20:19:34.552Z,147536,56870,2018-05-04T20:23:42.971Z,29,1,5687079a48051-6d27-456c-8df6-51be3059b16a,79a48051-6d27-456c-8df6-51be3059b16a
19171,79a48051-6d27-456c-8df6-51be3059b16a,unsure,2018-05-04T20:19:00.460Z,147535,56870,2018-05-04T20:22:06.249Z,26,1,5687079a48051-6d27-456c-8df6-51be3059b16a,79a48051-6d27-456c-8df6-51be3059b16a
19185,79a48051-6d27-456c-8df6-51be3059b16a,non-duplicate,2018-05-04T20:03:56.271Z,147511,56870,2018-05-04T20:05:31.432Z,20,1,5687079a48051-6d27-456c-8df6-51be3059b16a,79a48051-6d27-456c-8df6-51be3059b16a
26943,1b7c4fcb-1376-49e7-8118-15044daabc58,duplicate,2018-05-07T14:59:19.170Z,148127,56983,2018-05-07T15:44:15.736Z,39,1,569831b7c4fcb-1376-49e7-8118-15044daabc58,1b7c4fcb-1376-49e7-8118-15044daabc58
26954,1b7c4fcb-1376-49e7-8118-15044daabc58,duplicate,2018-05-07T14:58:02.266Z,148121,56983,2018-05-07T15:24:16.849Z,45,1,569831b7c4fcb-1376-49e7-8118-15044daabc58,1b7c4fcb-1376-49e7-8118-15044daabc58
26965,1b7c4fcb-1376-49e7-8118-15044daabc58,unsure,2018-05-07T15:14:33.822Z,148135,56983,2018-05-07T15:19:00.095Z,17,1,569831b7c4fcb-1376-49e7-8118-15044daabc58,1b7c4fcb-1376-49e7-8118-15044daabc58
26976,1b7c4fcb-1376-49e7-8118-15044daabc58,non-duplicate,2018-05-07T14:58:32.261Z,148124,56983,2018-05-07T15:18:24.947Z,40,1,569831b7c4fcb-1376-49e7-8118-15044daabc58,1b7c4fcb-1376-49e7-8118-15044daabc58
26987,1b7c4fcb-1376-49e7-8118-15044daabc58,non-duplicate,2018-05-07T15:14:56.276Z,148137,56983,2018-05-07T15:15:40.973Z,37,1,569831b7c4fcb-1376-49e7-8118-15044daabc58,1b7c4fcb-1376-49e7-8118-15044daabc58
27282,9338f284-6582-4d2d-a633-c00fedd82aaf,unsure,2018-05-07T15:18:27.004Z,148152,56988,2018-05-08T21:26:36.954Z,40,1,569889338f284-6582-4d2d-a633-c00fedd82aaf,9338f284-6582-4d2d-a633-c00fedd82aaf
27296,9338f284-6582-4d2d-a633-c00fedd82aaf,duplicate,2018-05-07T15:19:01.048Z,148155,56988,2018-05-07T15:36:52.575Z,17,1,569889338f284-6582-4d2d-a633-c00fedd82aaf,9338f284-6582-4d2d-a633-c00fedd82aaf
27310,9338f284-6582-4d2d-a633-c00fedd82aaf,duplicate,2018-05-07T15:19:11.449Z,148157,56988,2018-05-07T15:21:41.524Z,23,1,569889338f284-6582-4d2d-a633-c00fedd82aaf,9338f284-6582-4d2d-a633-c00fedd82aaf
27324,9338f284-6582-4d2d-a633-c00fedd82aaf,non-duplicate,2018-05-07T15:18:42.424Z,148153,56988,2018-05-07T15:19:05.707Z,16,1,569889338f284-6582-4d2d-a633-c00fedd82aaf,9338f284-6582-4d2d-a633-c00fedd82aaf
27338,9338f284-6582-4d2d-a633-c00fedd82aaf,non-duplicate,2018-05-07T15:18:09.477Z,148150,56988,2018-05-07T15:18:42.672Z,26,1,569889338f284-6582-4d2d-a633-c00fedd82aaf,9338f284-6582-4d2d-a633-c00fedd82aaf
31160,167f81bd-6d6a-4b33-9eb7-facccc154b37,duplicate,2018-05-07T16:32:36.751Z,148443,57044,2018-05-07T16:43:00.683Z,49,1,57044167f81bd-6d6a-4b33-9eb7-facccc154b37,167f81bd-6d6a-4b33-9eb7-facccc154b37
31174,167f81bd-6d6a-4b33-9eb7-facccc154b37,duplicate,2018-05-07T16:31:18.828Z,148440,57044,2018-05-07T16:35:11.126Z,45,1,57044167f81bd-6d6a-4b33-9eb7-facccc154b37,167f81bd-6d6a-4b33-9eb7-facccc154b37
31188,167f81bd-6d6a-4b33-9eb7-facccc154b37,non-duplicate,2018-05-07T16:31:58.776Z,148441,57044,2018-05-07T16:35:44.367Z,58,1,57044167f81bd-6d6a-4b33-9eb7-facccc154b37,167f81bd-6d6a-4b33-9eb7-facccc154b37
31202,167f81bd-6d6a-4b33-9eb7-facccc154b37,unsure,2018-05-07T16:31:14.539Z,148439,57044,2018-05-07T16:32:27.436Z,26,1,57044167f81bd-6d6a-4b33-9eb7-facccc154b37,167f81bd-6d6a-4b33-9eb7-facccc154b37
31216,167f81bd-6d6a-4b33-9eb7-facccc154b37,non-duplicate,2018-05-07T16:30:57.832Z,148438,57044,2018-05-07T16:37:28.139Z,33,1,57044167f81bd-6d6a-4b33-9eb7-facccc154b37,167f81bd-6d6a-4b33-9eb7-facccc154b37
33821,b86f489f-93b8-484c-9a85-cc724ea6be52,duplicate,2018-05-07T18:15:00.525Z,148624,57082,2018-05-07T20:35:53.062Z,45,1,57082b86f489f-93b8-484c-9a85-cc724ea6be52,b86f489f-93b8-484c-9a85-cc724ea6be52
33835,b86f489f-93b8-484c-9a85-cc724ea6be52,unsure,2018-05-07T18:15:22.707Z,148626,57082,2018-05-07T18:42:00.889Z,36,1,57082b86f489f-93b8-484c-9a85-cc724ea6be52,b86f489f-93b8-484c-9a85-cc724ea6be52
33849,b86f489f-93b8-484c-9a85-cc724ea6be52,non-duplicate,2018-05-07T18:18:10.573Z,148630,57082,2018-05-07T18:27:48.914Z,17,1,57082b86f489f-93b8-484c-9a85-cc724ea6be52,b86f489f-93b8-484c-9a85-cc724ea6be52
33863,b86f489f-93b8-484c-9a85-cc724ea6be52,duplicate,2018-05-07T18:17:04.338Z,148628,57082,2018-05-07T18:18:24.663Z,37,1,57082b86f489f-93b8-484c-9a85-cc724ea6be52,b86f489f-93b8-484c-9a85-cc724ea6be52
33877,b86f489f-93b8-484c-9a85-cc724ea6be52,non-duplicate,2018-05-07T18:15:04.365Z,148625,57082,2018-05-07T18:16:04.752Z,26,1,57082b86f489f-93b8-484c-9a85-cc724ea6be52,b86f489f-93b8-484c-9a85-cc724ea6be52
36710,f28babec-fcfa-43fd-a3e8-7978974790a3,duplicate,2018-05-07T19:40:31.396Z,148843,57124,2018-05-07T19:50:20.773Z,21,1,57124f28babec-fcfa-43fd-a3e8-7978974790a3,f28babec-fcfa-43fd-a3e8-7978974790a3
36724,f28babec-fcfa-43fd-a3e8-7978974790a3,unsure,2018-05-07T19:41:00.235Z,148845,57124,2018-05-07T19:48:31.409Z,29,1,57124f28babec-fcfa-43fd-a3e8-7978974790a3,f28babec-fcfa-43fd-a3e8-7978974790a3
36738,f28babec-fcfa-43fd-a3e8-7978974790a3,duplicate,2018-05-07T19:41:57.287Z,148847,57124,2018-05-07T19:43:00.725Z,30,1,57124f28babec-fcfa-43fd-a3e8-7978974790a3,f28babec-fcfa-43fd-a3e8-7978974790a3
36752,f28babec-fcfa-43fd-a3e8-7978974790a3,non-duplicate,2018-05-07T19:40:56.736Z,148844,57124,2018-05-07T19:41:36.026Z,45,1,57124f28babec-fcfa-43fd-a3e8-7978974790a3,f28babec-fcfa-43fd-a3e8-7978974790a3
36766,f28babec-fcfa-43fd-a3e8-7978974790a3,non-duplicate,2018-05-07T19:36:54.314Z,148834,57124,2018-05-07T19:38:56.548Z,46,1,57124f28babec-fcfa-43fd-a3e8-7978974790a3,f28babec-fcfa-43fd-a3e8-7978974790a3
40155,b6274195-9071-48ce-992f-29144d17a1ae,unsure,2018-05-15T19:07:37.720Z,158793,57174,2018-05-15T19:13:49.730Z,25,1,57174b6274195-9071-48ce-992f-29144d17a1ae,b6274195-9071-48ce-992f-29144d17a1ae
40168,b6274195-9071-48ce-992f-29144d17a1ae,non-duplicate,2018-05-15T19:07:51.788Z,158796,57174,2018-05-15T19:08:24.744Z,23,1,57174b6274195-9071-48ce-992f-29144d17a1ae,b6274195-9071-48ce-992f-29144d17a1ae
40181,b6274195-9071-48ce-992f-29144d17a1ae,non-duplicate,2018-05-15T19:08:05.185Z,158797,57174,2018-05-15T19:09:44.502Z,40,1,57174b6274195-9071-48ce-992f-29144d17a1ae,b6274195-9071-48ce-992f-29144d17a1ae
40194,b6274195-9071-48ce-992f-29144d17a1ae,duplicate,2018-05-07T21:10:42.777Z,149094,57174,2018-05-09T14:19:57.439Z,49,1,57174b6274195-9071-48ce-992f-29144d17a1ae,b6274195-9071-48ce-992f-29144d17a1ae
40207,b6274195-9071-48ce-992f-29144d17a1ae,duplicate,2018-05-07T21:11:19.814Z,149096,57174,2018-05-07T21:12:20.333Z,46,1,57174b6274195-9071-48ce-992f-29144d17a1ae,b6274195-9071-48ce-992f-29144d17a1ae
40572,646e26ce-6382-4496-a672-d68bceb6dfe7,duplicate,2018-05-07T21:18:35.340Z,149124,57180,2018-05-08T13:24:47.938Z,21,1,57180646e26ce-6382-4496-a672-d68bceb6dfe7,646e26ce-6382-4496-a672-d68bceb6dfe7
40586,646e26ce-6382-4496-a672-d68bceb6dfe7,unsure,2018-05-07T21:18:41.223Z,149125,57180,2018-05-07T21:22:07.919Z,29,1,57180646e26ce-6382-4496-a672-d68bceb6dfe7,646e26ce-6382-4496-a672-d68bceb6dfe7
40600,646e26ce-6382-4496-a672-d68bceb6dfe7,non-duplicate,2018-05-07T21:18:25.534Z,149123,57180,2018-05-07T21:19:48.822Z,47,1,57180646e26ce-6382-4496-a672-d68bceb6dfe7,646e26ce-6382-4496-a672-d68bceb6dfe7
40614,646e26ce-6382-4496-a672-d68bceb6dfe7,non-duplicate,2018-05-07T21:18:10.432Z,149122,57180,2018-05-07T21:20:33.395Z,46,1,57180646e26ce-6382-4496-a672-d68bceb6dfe7,646e26ce-6382-4496-a672-d68bceb6dfe7
40628,646e26ce-6382-4496-a672-d68bceb6dfe7,duplicate,2018-05-07T21:17:23.955Z,149117,57180,2018-05-07T21:18:07.203Z,30,1,57180646e26ce-6382-4496-a672-d68bceb6dfe7,646e26ce-6382-4496-a672-d68bceb6dfe7
41947,9abc2aec-d1b9-415c-8f1b-ac225c560e45,duplicate,2018-05-15T19:10:25.976Z,158819,57200,2018-05-15T19:13:21.638Z,21,1,572009abc2aec-d1b9-415c-8f1b-ac225c560e45,9abc2aec-d1b9-415c-8f1b-ac225c560e45
41960,9abc2aec-d1b9-415c-8f1b-ac225c560e45,non-duplicate,2018-05-15T19:09:56.249Z,158817,57200,2018-05-15T19:10:49.469Z,17,1,572009abc2aec-d1b9-415c-8f1b-ac225c560e45,9abc2aec-d1b9-415c-8f1b-ac225c560e45
41973,9abc2aec-d1b9-415c-8f1b-ac225c560e45,duplicate,2018-05-07T21:50:45.989Z,149219,57200,2018-05-14T14:05:14.244Z,38,1,572009abc2aec-d1b9-415c-8f1b-ac225c560e45,9abc2aec-d1b9-415c-8f1b-ac225c560e45
41986,9abc2aec-d1b9-415c-8f1b-ac225c560e45,non-duplicate,2018-05-07T21:50:34.042Z,149217,57200,2018-05-07T21:51:54.965Z,47,1,572009abc2aec-d1b9-415c-8f1b-ac225c560e45,9abc2aec-d1b9-415c-8f1b-ac225c560e45
41999,9abc2aec-d1b9-415c-8f1b-ac225c560e45,unsure,2018-05-07T21:49:04.798Z,149213,57200,2018-05-11T15:47:57.224Z,36,1,572009abc2aec-d1b9-415c-8f1b-ac225c560e45,9abc2aec-d1b9-415c-8f1b-ac225c560e45
42497,6ce051f4-f96d-4b0c-9439-3c264f24ccdf,non-duplicate,2018-05-08T13:03:49.269Z,149265,57208,2018-05-08T13:13:40.779Z,58,1,572086ce051f4-f96d-4b0c-9439-3c264f24ccdf,6ce051f4-f96d-4b0c-9439-3c264f24ccdf
42511,6ce051f4-f96d-4b0c-9439-3c264f24ccdf,unsure,2018-05-08T13:05:55.823Z,149271,57208,2018-05-08T13:11:21.429Z,17,1,572086ce051f4-f96d-4b0c-9439-3c264f24ccdf,6ce051f4-f96d-4b0c-9439-3c264f24ccdf
42525,6ce051f4-f96d-4b0c-9439-3c264f24ccdf,duplicate,2018-05-08T13:06:30.638Z,149272,57208,2018-05-08T13:07:15.001Z,16,1,572086ce051f4-f96d-4b0c-9439-3c264f24ccdf,6ce051f4-f96d-4b0c-9439-3c264f24ccdf
42539,6ce051f4-f96d-4b0c-9439-3c264f24ccdf,duplicate,2018-05-08T13:05:45.988Z,149270,57208,2018-05-08T13:07:50.710Z,33,1,572086ce051f4-f96d-4b0c-9439-3c264f24ccdf,6ce051f4-f96d-4b0c-9439-3c264f24ccdf
42553,6ce051f4-f96d-4b0c-9439-3c264f24ccdf,unsure,2018-05-08T13:04:46.223Z,149267,57208,2018-05-08T13:11:09.108Z,44,1,572086ce051f4-f96d-4b0c-9439-3c264f24ccdf,6ce051f4-f96d-4b0c-9439-3c264f24ccdf
43542,5d7270af-fade-4153-ad21-7482a30e5d9e,unsure,2018-05-08T13:47:55.923Z,149352,57223,2018-05-08T13:50:53.301Z,44,1,572235d7270af-fade-4153-ad21-7482a30e5d9e,5d7270af-fade-4153-ad21-7482a30e5d9e
43556,5d7270af-fade-4153-ad21-7482a30e5d9e,non-duplicate,2018-05-08T13:47:57.810Z,149353,57223,2018-05-08T13:51:18.458Z,20,1,572235d7270af-fade-4153-ad21-7482a30e5d9e,5d7270af-fade-4153-ad21-7482a30e5d9e
43570,5d7270af-fade-4153-ad21-7482a30e5d9e,duplicate,2018-05-08T13:47:29.079Z,149350,57223,2018-05-08T13:49:18.590Z,43,1,572235d7270af-fade-4153-ad21-7482a30e5d9e,5d7270af-fade-4153-ad21-7482a30e5d9e
43584,5d7270af-fade-4153-ad21-7482a30e5d9e,duplicate,2018-05-08T13:46:27.961Z,149349,57223,2018-05-08T13:47:31.509Z,58,1,572235d7270af-fade-4153-ad21-7482a30e5d9e,5d7270af-fade-4153-ad21-7482a30e5d9e
43598,5d7270af-fade-4153-ad21-7482a30e5d9e,non-duplicate,2018-05-08T13:26:28.318Z,149327,57223,2018-05-08T13:26:53.243Z,16,1,572235d7270af-fade-4153-ad21-7482a30e5d9e,5d7270af-fade-4153-ad21-7482a30e5d9e
46373,26fc32a1-6f2b-452f-a8b6-f2a6a09229de,duplicate,2018-05-16T13:26:11.016Z,159598,57264,2018-05-16T13:27:09.541Z,29,1,5726426fc32a1-6f2b-452f-a8b6-f2a6a09229de,26fc32a1-6f2b-452f-a8b6-f2a6a09229de
46387,26fc32a1-6f2b-452f-a8b6-f2a6a09229de,unsure,2018-05-16T13:25:52.443Z,159595,57264,2018-05-16T13:26:45.223Z,30,1,5726426fc32a1-6f2b-452f-a8b6-f2a6a09229de,26fc32a1-6f2b-452f-a8b6-f2a6a09229de
46401,26fc32a1-6f2b-452f-a8b6-f2a6a09229de,non-duplicate,2018-05-08T15:02:38.648Z,149564,57264,2018-05-08T15:07:17.085Z,17,1,5726426fc32a1-6f2b-452f-a8b6-f2a6a09229de,26fc32a1-6f2b-452f-a8b6-f2a6a09229de
46415,26fc32a1-6f2b-452f-a8b6-f2a6a09229de,non-duplicate,2018-05-08T14:59:09.873Z,149563,57264,2018-05-08T15:09:46.667Z,37,1,5726426fc32a1-6f2b-452f-a8b6-f2a6a09229de,26fc32a1-6f2b-452f-a8b6-f2a6a09229de
46429,26fc32a1-6f2b-452f-a8b6-f2a6a09229de,duplicate,2018-05-08T14:39:56.305Z,149546,57264,2018-05-08T14:44:20.954Z,58,1,5726426fc32a1-6f2b-452f-a8b6-f2a6a09229de,26fc32a1-6f2b-452f-a8b6-f2a6a09229de
49028,a27c8a12-3e15-4fd0-8c69-dee9e45679b8,unsure,2018-05-08T16:12:18.905Z,149751,57302,2018-05-08T16:27:06.316Z,44,1,57302a27c8a12-3e15-4fd0-8c69-dee9e45679b8,a27c8a12-3e15-4fd0-8c69-dee9e45679b8
49029,b1d4589b-98bb-4ee1-b23d-4db3e6ee4ff2,unsure,2018-05-08T16:12:18.905Z,149751,57302,2018-05-08T16:27:06.316Z,44,1,57302b1d4589b-98bb-4ee1-b23d-4db3e6ee4ff2,b1d4589b-98bb-4ee1-b23d-4db3e6ee4ff2
49042,a27c8a12-3e15-4fd0-8c69-dee9e45679b8,duplicate,2018-05-08T16:11:17.982Z,149747,57302,2018-05-08T16:15:51.204Z,33,1,57302a27c8a12-3e15-4fd0-8c69-dee9e45679b8,a27c8a12-3e15-4fd0-8c69-dee9e45679b8
49043,b1d4589b-98bb-4ee1-b23d-4db3e6ee4ff2,duplicate,2018-05-08T16:11:17.982Z,149747,57302,2018-05-08T16:15:51.204Z,33,1,57302b1d4589b-98bb-4ee1-b23d-4db3e6ee4ff2,b1d4589b-98bb-4ee1-b23d-4db3e6ee4ff2
49056,a27c8a12-3e15-4fd0-8c69-dee9e45679b8,non-duplicate,2018-05-08T16:12:14.567Z,149750,57302,2018-05-08T16:14:59.332Z,25,1,57302a27c8a12-3e15-4fd0-8c69-dee9e45679b8,a27c8a12-3e15-4fd0-8c69-dee9e45679b8
49057,b1d4589b-98bb-4ee1-b23d-4db3e6ee4ff2,non-duplicate,2018-05-08T16:12:14.567Z,149750,57302,2018-05-08T16:14:59.332Z,25,1,57302b1d4589b-98bb-4ee1-b23d-4db3e6ee4ff2,b1d4589b-98bb-4ee1-b23d-4db3e6ee4ff2
49070,a27c8a12-3e15-4fd0-8c69-dee9e45679b8,duplicate,2018-05-08T16:12:04.103Z,149749,57302,2018-05-08T16:17:16.219Z,37,1,57302a27c8a12-3e15-4fd0-8c69-dee9e45679b8,a27c8a12-3e15-4fd0-8c69-dee9e45679b8
49071,b1d4589b-98bb-4ee1-b23d-4db3e6ee4ff2,duplicate,2018-05-08T16:12:04.103Z,149749,57302,2018-05-08T16:17:16.219Z,37,1,57302b1d4589b-98bb-4ee1-b23d-4db3e6ee4ff2,b1d4589b-98bb-4ee1-b23d-4db3e6ee4ff2
49084,a27c8a12-3e15-4fd0-8c69-dee9e45679b8,non-duplicate,2018-05-08T16:09:02.420Z,149742,57302,2018-05-08T16:13:01.991Z,16,1,57302a27c8a12-3e15-4fd0-8c69-dee9e45679b8,a27c8a12-3e15-4fd0-8c69-dee9e45679b8
49085,b1d4589b-98bb-4ee1-b23d-4db3e6ee4ff2,non-duplicate,2018-05-08T16:09:02.420Z,149742,57302,2018-05-08T16:13:01.991Z,16,1,57302b1d4589b-98bb-4ee1-b23d-4db3e6ee4ff2,b1d4589b-98bb-4ee1-b23d-4db3e6ee4ff2
50208,01f55081-49be-4e63-9e8d-fef50382d575,unsure,2018-05-08T16:33:03.326Z,149837,57319,2018-05-08T16:42:54.885Z,17,1,5731901f55081-49be-4e63-9e8d-fef50382d575,01f55081-49be-4e63-9e8d-fef50382d575
50222,01f55081-49be-4e63-9e8d-fef50382d575,duplicate,2018-05-08T16:35:01.677Z,149839,57319,2018-05-08T16:41:06.246Z,20,1,5731901f55081-49be-4e63-9e8d-fef50382d575,01f55081-49be-4e63-9e8d-fef50382d575
50236,01f55081-49be-4e63-9e8d-fef50382d575,non-duplicate,2018-05-08T16:33:53.773Z,149838,57319,2018-05-08T16:38:36.477Z,29,1,5731901f55081-49be-4e63-9e8d-fef50382d575,01f55081-49be-4e63-9e8d-fef50382d575
50250,01f55081-49be-4e63-9e8d-fef50382d575,unsure,2018-05-08T16:32:45.054Z,149835,57319,2018-05-08T16:37:50.931Z,44,1,5731901f55081-49be-4e63-9e8d-fef50382d575,01f55081-49be-4e63-9e8d-fef50382d575
50264,01f55081-49be-4e63-9e8d-fef50382d575,non-duplicate,2018-05-08T16:32:54.989Z,149836,57319,2018-05-08T16:35:17.953Z,39,1,5731901f55081-49be-4e63-9e8d-fef50382d575,01f55081-49be-4e63-9e8d-fef50382d575
53254,e0f6f301-da5b-4550-bf9c-fab992faf01f,non-duplicate,2018-05-15T19:20:17.143Z,158874,57363,2018-05-15T19:26:05.242Z,40,1,57363e0f6f301-da5b-4550-bf9c-fab992faf01f,e0f6f301-da5b-4550-bf9c-fab992faf01f
53267,e0f6f301-da5b-4550-bf9c-fab992faf01f,duplicate,2018-05-15T19:19:31.816Z,158872,57363,2018-05-15T19:21:17.175Z,23,1,57363e0f6f301-da5b-4550-bf9c-fab992faf01f,e0f6f301-da5b-4550-bf9c-fab992faf01f
53280,e0f6f301-da5b-4550-bf9c-fab992faf01f,unsure,2018-05-08T18:32:28.626Z,150078,57363,2018-05-08T18:37:21.794Z,39,1,57363e0f6f301-da5b-4550-bf9c-fab992faf01f,e0f6f301-da5b-4550-bf9c-fab992faf01f
53293,e0f6f301-da5b-4550-bf9c-fab992faf01f,duplicate,2018-05-08T18:32:50.756Z,150080,57363,2018-05-08T18:35:31.496Z,25,1,57363e0f6f301-da5b-4550-bf9c-fab992faf01f,e0f6f301-da5b-4550-bf9c-fab992faf01f
53306,e0f6f301-da5b-4550-bf9c-fab992faf01f,non-duplicate,2018-05-08T18:32:41.940Z,150079,57363,2018-05-08T18:33:38.141Z,21,1,57363e0f6f301-da5b-4550-bf9c-fab992faf01f,e0f6f301-da5b-4550-bf9c-fab992faf01f
54787,98949658-c751-45c9-9219-1557106acd51,unsure,2018-05-08T19:00:17.482Z,150194,57385,2018-05-08T19:35:10.611Z,29,1,5738598949658-c751-45c9-9219-1557106acd51,98949658-c751-45c9-9219-1557106acd51
54801,98949658-c751-45c9-9219-1557106acd51,non-duplicate,2018-05-08T19:01:59.615Z,150199,57385,2018-05-08T19:07:22.967Z,44,1,5738598949658-c751-45c9-9219-1557106acd51,98949658-c751-45c9-9219-1557106acd51
54815,98949658-c751-45c9-9219-1557106acd51,non-duplicate,2018-05-08T19:01:09.412Z,150196,57385,2018-05-08T19:04:37.114Z,45,1,5738598949658-c751-45c9-9219-1557106acd51,98949658-c751-45c9-9219-1557106acd51
54829,98949658-c751-45c9-9219-1557106acd51,duplicate,2018-05-08T19:01:27.015Z,150197,57385,2018-05-08T19:02:56.537Z,23,1,5738598949658-c751-45c9-9219-1557106acd51,98949658-c751-45c9-9219-1557106acd51
54843,98949658-c751-45c9-9219-1557106acd51,duplicate,2018-05-08T19:00:41.419Z,150195,57385,2018-05-08T19:01:56.901Z,41,1,5738598949658-c751-45c9-9219-1557106acd51,98949658-c751-45c9-9219-1557106acd51
57506,2786d023-840f-4d50-b96a-4a965c9f57d0,non-duplicate,2018-05-08T20:07:08.931Z,150386,57425,2018-05-09T15:57:31.381Z,36,1,574252786d023-840f-4d50-b96a-4a965c9f57d0,2786d023-840f-4d50-b96a-4a965c9f57d0
57520,2786d023-840f-4d50-b96a-4a965c9f57d0,duplicate,2018-05-08T20:18:27.641Z,150399,57425,2018-05-08T20:20:28.580Z,29,1,574252786d023-840f-4d50-b96a-4a965c9f57d0,2786d023-840f-4d50-b96a-4a965c9f57d0
57534,2786d023-840f-4d50-b96a-4a965c9f57d0,duplicate,2018-05-08T20:18:20.209Z,150398,57425,2018-05-08T20:19:36.317Z,45,1,574252786d023-840f-4d50-b96a-4a965c9f57d0,2786d023-840f-4d50-b96a-4a965c9f57d0
57548,2786d023-840f-4d50-b96a-4a965c9f57d0,unsure,2018-05-08T20:18:06.593Z,150397,57425,2018-05-08T20:20:33.766Z,37,1,574252786d023-840f-4d50-b96a-4a965c9f57d0,2786d023-840f-4d50-b96a-4a965c9f57d0
57562,2786d023-840f-4d50-b96a-4a965c9f57d0,unsure,2018-05-08T20:17:38.860Z,150396,57425,2018-05-08T20:19:37.873Z,39,1,574252786d023-840f-4d50-b96a-4a965c9f57d0,2786d023-840f-4d50-b96a-4a965c9f57d0
58730,03a28c67-5e99-4b68-8a28-3ddabf1c0fc6,duplicate,2018-05-08T20:46:39.330Z,150484,57443,2018-05-09T19:35:39.851Z,39,1,5744303a28c67-5e99-4b68-8a28-3ddabf1c0fc6,03a28c67-5e99-4b68-8a28-3ddabf1c0fc6
58744,03a28c67-5e99-4b68-8a28-3ddabf1c0fc6,unsure,2018-05-08T20:45:52.322Z,150482,57443,2018-05-09T15:42:07.880Z,36,1,5744303a28c67-5e99-4b68-8a28-3ddabf1c0fc6,03a28c67-5e99-4b68-8a28-3ddabf1c0fc6
58758,03a28c67-5e99-4b68-8a28-3ddabf1c0fc6,duplicate,2018-05-08T20:47:28.826Z,150487,57443,2018-05-09T15:29:12.461Z,20,1,5744303a28c67-5e99-4b68-8a28-3ddabf1c0fc6,03a28c67-5e99-4b68-8a28-3ddabf1c0fc6
58772,03a28c67-5e99-4b68-8a28-3ddabf1c0fc6,non-duplicate,2018-05-08T20:47:07.213Z,150486,57443,2018-05-08T20:52:30.843Z,43,1,5744303a28c67-5e99-4b68-8a28-3ddabf1c0fc6,03a28c67-5e99-4b68-8a28-3ddabf1c0fc6
58786,03a28c67-5e99-4b68-8a28-3ddabf1c0fc6,non-duplicate,2018-05-08T20:47:03.475Z,150485,57443,2018-05-08T20:47:52.182Z,46,1,5744303a28c67-5e99-4b68-8a28-3ddabf1c0fc6,03a28c67-5e99-4b68-8a28-3ddabf1c0fc6
66465,932bb0cf-1165-4ce5-aca1-f6026e3a904e,non-duplicate,2018-05-09T14:27:19.228Z,151064,57555,2018-05-09T14:46:49.074Z,33,1,57555932bb0cf-1165-4ce5-aca1-f6026e3a904e,932bb0cf-1165-4ce5-aca1-f6026e3a904e
66478,932bb0cf-1165-4ce5-aca1-f6026e3a904e,duplicate,2018-05-09T14:26:10.040Z,151061,57555,2018-05-09T14:30:25.826Z,45,1,57555932bb0cf-1165-4ce5-aca1-f6026e3a904e,932bb0cf-1165-4ce5-aca1-f6026e3a904e
66491,932bb0cf-1165-4ce5-aca1-f6026e3a904e,duplicate,2018-05-09T14:26:55.820Z,151063,57555,2018-05-09T14:30:21.892Z,25,1,57555932bb0cf-1165-4ce5-aca1-f6026e3a904e,932bb0cf-1165-4ce5-aca1-f6026e3a904e
66504,932bb0cf-1165-4ce5-aca1-f6026e3a904e,unsure,2018-05-09T14:25:48.245Z,151059,57555,2018-05-09T14:28:30.969Z,44,1,57555932bb0cf-1165-4ce5-aca1-f6026e3a904e,932bb0cf-1165-4ce5-aca1-f6026e3a904e
66517,932bb0cf-1165-4ce5-aca1-f6026e3a904e,non-duplicate,2018-05-09T14:23:17.567Z,151044,57555,2018-05-09T14:24:55.941Z,16,1,57555932bb0cf-1165-4ce5-aca1-f6026e3a904e,932bb0cf-1165-4ce5-aca1-f6026e3a904e
67980,8d6640c3-38f5-4c9e-aaa0-e3e7ac3e7bb4,duplicate,2018-05-15T19:39:23.350Z,158982,57577,2018-05-15T19:41:40.543Z,31,1,575778d6640c3-38f5-4c9e-aaa0-e3e7ac3e7bb4,8d6640c3-38f5-4c9e-aaa0-e3e7ac3e7bb4
67993,8d6640c3-38f5-4c9e-aaa0-e3e7ac3e7bb4,unsure,2018-05-09T14:53:39.450Z,151175,57577,2018-05-09T16:05:38.500Z,39,1,575778d6640c3-38f5-4c9e-aaa0-e3e7ac3e7bb4,8d6640c3-38f5-4c9e-aaa0-e3e7ac3e7bb4
68006,8d6640c3-38f5-4c9e-aaa0-e3e7ac3e7bb4,unsure,2018-05-09T14:53:15.516Z,151173,57577,2018-05-09T15:33:49.934Z,29,1,575778d6640c3-38f5-4c9e-aaa0-e3e7ac3e7bb4,8d6640c3-38f5-4c9e-aaa0-e3e7ac3e7bb4
68019,8d6640c3-38f5-4c9e-aaa0-e3e7ac3e7bb4,non-duplicate,2018-05-09T14:53:58.645Z,151176,57577,2018-05-09T15:14:47.411Z,45,1,575778d6640c3-38f5-4c9e-aaa0-e3e7ac3e7bb4,8d6640c3-38f5-4c9e-aaa0-e3e7ac3e7bb4
68032,8d6640c3-38f5-4c9e-aaa0-e3e7ac3e7bb4,non-duplicate,2018-05-09T14:51:01.502Z,151160,57577,2018-05-09T14:51:32.950Z,16,1,575778d6640c3-38f5-4c9e-aaa0-e3e7ac3e7bb4,8d6640c3-38f5-4c9e-aaa0-e3e7ac3e7bb4
68450,c4c48646-6de5-4cc1-be79-42fbfb1f81bb,non-duplicate,2018-05-09T15:18:32.589Z,151205,57584,2018-05-09T15:48:52.195Z,45,1,57584c4c48646-6de5-4cc1-be79-42fbfb1f81bb,c4c48646-6de5-4cc1-be79-42fbfb1f81bb
68464,c4c48646-6de5-4cc1-be79-42fbfb1f81bb,unsure,2018-05-09T15:21:13.172Z,151210,57584,2018-05-09T15:32:20.885Z,44,1,57584c4c48646-6de5-4cc1-be79-42fbfb1f81bb,c4c48646-6de5-4cc1-be79-42fbfb1f81bb
68478,c4c48646-6de5-4cc1-be79-42fbfb1f81bb,duplicate,2018-05-09T15:19:24.596Z,151208,57584,2018-05-09T15:31:08.838Z,33,1,57584c4c48646-6de5-4cc1-be79-42fbfb1f81bb,c4c48646-6de5-4cc1-be79-42fbfb1f81bb
68492,c4c48646-6de5-4cc1-be79-42fbfb1f81bb,non-duplicate,2018-05-09T15:19:58.528Z,151209,57584,2018-05-09T15:23:16.080Z,37,1,57584c4c48646-6de5-4cc1-be79-42fbfb1f81bb,c4c48646-6de5-4cc1-be79-42fbfb1f81bb
68506,c4c48646-6de5-4cc1-be79-42fbfb1f81bb,duplicate,2018-05-09T14:54:27.743Z,151180,57584,2018-05-09T14:55:22.589Z,16,1,57584c4c48646-6de5-4cc1-be79-42fbfb1f81bb,c4c48646-6de5-4cc1-be79-42fbfb1f81bb
70948,848a7437-2f62-4068-a730-3a9d50c0c187,duplicate,2018-05-09T16:07:49.406Z,151393,57620,2018-05-09T16:10:20.933Z,26,1,57620848a7437-2f62-4068-a730-3a9d50c0c187,848a7437-2f62-4068-a730-3a9d50c0c187
70962,848a7437-2f62-4068-a730-3a9d50c0c187,non-duplicate,2018-05-09T16:07:20.823Z,151390,57620,2018-05-09T16:09:41.642Z,44,1,57620848a7437-2f62-4068-a730-3a9d50c0c187,848a7437-2f62-4068-a730-3a9d50c0c187
70976,848a7437-2f62-4068-a730-3a9d50c0c187,duplicate,2018-05-09T16:07:45.157Z,151392,57620,2018-05-09T16:08:26.881Z,45,1,57620848a7437-2f62-4068-a730-3a9d50c0c187,848a7437-2f62-4068-a730-3a9d50c0c187
70990,848a7437-2f62-4068-a730-3a9d50c0c187,unsure,2018-05-09T16:06:17.793Z,151386,57620,2018-05-09T16:08:46.869Z,58,1,57620848a7437-2f62-4068-a730-3a9d50c0c187,848a7437-2f62-4068-a730-3a9d50c0c187
71004,848a7437-2f62-4068-a730-3a9d50c0c187,non-duplicate,2018-05-09T16:06:44.717Z,151389,57620,2018-05-09T16:07:30.111Z,29,1,57620848a7437-2f62-4068-a730-3a9d50c0c187,848a7437-2f62-4068-a730-3a9d50c0c187
75766,6ab31d9f-f87a-4ae6-985c-2872f1fff6bd,non-duplicate,2018-05-09T19:09:54.877Z,151739,57690,2018-05-10T13:07:56.867Z,45,1,576906ab31d9f-f87a-4ae6-985c-2872f1fff6bd,6ab31d9f-f87a-4ae6-985c-2872f1fff6bd
75780,6ab31d9f-f87a-4ae6-985c-2872f1fff6bd,non-duplicate,2018-05-09T19:10:49.226Z,151740,57690,2018-05-09T19:20:54.751Z,37,1,576906ab31d9f-f87a-4ae6-985c-2872f1fff6bd,6ab31d9f-f87a-4ae6-985c-2872f1fff6bd
75794,6ab31d9f-f87a-4ae6-985c-2872f1fff6bd,duplicate,2018-05-09T19:09:21.319Z,151737,57690,2018-05-09T19:17:41.362Z,20,1,576906ab31d9f-f87a-4ae6-985c-2872f1fff6bd,6ab31d9f-f87a-4ae6-985c-2872f1fff6bd
75808,6ab31d9f-f87a-4ae6-985c-2872f1fff6bd,unsure,2018-05-09T19:09:36.123Z,151738,57690,2018-05-09T19:13:42.352Z,29,1,576906ab31d9f-f87a-4ae6-985c-2872f1fff6bd,6ab31d9f-f87a-4ae6-985c-2872f1fff6bd
75822,6ab31d9f-f87a-4ae6-985c-2872f1fff6bd,duplicate,2018-05-09T19:09:05.050Z,151736,57690,2018-05-09T19:11:09.067Z,17,1,576906ab31d9f-f87a-4ae6-985c-2872f1fff6bd,6ab31d9f-f87a-4ae6-985c-2872f1fff6bd
77956,4ec257a3-a775-4a9f-bca6-be6afb3844ca,duplicate,2018-05-15T19:52:26.637Z,159041,57722,2018-05-15T19:53:47.352Z,30,1,577224ec257a3-a775-4a9f-bca6-be6afb3844ca,4ec257a3-a775-4a9f-bca6-be6afb3844ca
77970,4ec257a3-a775-4a9f-bca6-be6afb3844ca,non-duplicate,2018-05-09T19:58:35.876Z,151897,57722,2018-05-09T20:20:27.464Z,21,1,577224ec257a3-a775-4a9f-bca6-be6afb3844ca,4ec257a3-a775-4a9f-bca6-be6afb3844ca
77984,4ec257a3-a775-4a9f-bca6-be6afb3844ca,non-duplicate,2018-05-09T19:58:50.148Z,151898,57722,2018-05-09T20:19:56.258Z,41,1,577224ec257a3-a775-4a9f-bca6-be6afb3844ca,4ec257a3-a775-4a9f-bca6-be6afb3844ca
77998,4ec257a3-a775-4a9f-bca6-be6afb3844ca,duplicate,2018-05-09T19:59:31.835Z,151901,57722,2018-05-09T20:10:02.686Z,23,1,577224ec257a3-a775-4a9f-bca6-be6afb3844ca,4ec257a3-a775-4a9f-bca6-be6afb3844ca
78012,4ec257a3-a775-4a9f-bca6-be6afb3844ca,unsure,2018-05-09T19:59:31.016Z,151900,57722,2018-05-09T20:06:08.860Z,36,1,577224ec257a3-a775-4a9f-bca6-be6afb3844ca,4ec257a3-a775-4a9f-bca6-be6afb3844ca
78297,6ae04004-ca8f-4528-820e-d1784a7f7b98,duplicate,2018-05-16T14:06:39.718Z,159850,57727,2018-05-16T14:08:24.759Z,46,1,577276ae04004-ca8f-4528-820e-d1784a7f7b98,6ae04004-ca8f-4528-820e-d1784a7f7b98
78309,6ae04004-ca8f-4528-820e-d1784a7f7b98,duplicate,2018-05-16T14:06:22.410Z,159847,57727,2018-05-16T14:07:32.309Z,33,1,577276ae04004-ca8f-4528-820e-d1784a7f7b98,6ae04004-ca8f-4528-820e-d1784a7f7b98
78321,6ae04004-ca8f-4528-820e-d1784a7f7b98,non-duplicate,2018-05-15T19:52:31.371Z,159043,57727,2018-05-15T19:59:17.278Z,29,1,577276ae04004-ca8f-4528-820e-d1784a7f7b98,6ae04004-ca8f-4528-820e-d1784a7f7b98
78333,6ae04004-ca8f-4528-820e-d1784a7f7b98,non-duplicate,2018-05-15T19:52:28.546Z,159042,57727,2018-05-15T19:53:49.060Z,41,1,577276ae04004-ca8f-4528-820e-d1784a7f7b98,6ae04004-ca8f-4528-820e-d1784a7f7b98
78345,6ae04004-ca8f-4528-820e-d1784a7f7b98,unsure,2018-05-09T20:16:16.849Z,151917,57727,2018-05-09T20:22:28.298Z,39,1,577276ae04004-ca8f-4528-820e-d1784a7f7b98,6ae04004-ca8f-4528-820e-d1784a7f7b98
79260,76e838c5-c73e-4875-bf46-de8f89f61108,duplicate,2018-05-09T20:39:55.025Z,151992,57741,2018-05-10T21:11:39.670Z,36,1,5774176e838c5-c73e-4875-bf46-de8f89f61108,76e838c5-c73e-4875-bf46-de8f89f61108
79274,76e838c5-c73e-4875-bf46-de8f89f61108,non-duplicate,2018-05-09T20:41:08.361Z,151997,57741,2018-05-09T20:46:11.463Z,22,1,5774176e838c5-c73e-4875-bf46-de8f89f61108,76e838c5-c73e-4875-bf46-de8f89f61108
79288,76e838c5-c73e-4875-bf46-de8f89f61108,non-duplicate,2018-05-09T20:42:28.338Z,152004,57741,2018-05-09T20:44:25.822Z,25,1,5774176e838c5-c73e-4875-bf46-de8f89f61108,76e838c5-c73e-4875-bf46-de8f89f61108
79302,76e838c5-c73e-4875-bf46-de8f89f61108,unsure,2018-05-09T20:41:54.293Z,152000,57741,2018-05-09T20:46:03.007Z,29,1,5774176e838c5-c73e-4875-bf46-de8f89f61108,76e838c5-c73e-4875-bf46-de8f89f61108
79316,76e838c5-c73e-4875-bf46-de8f89f61108,duplicate,2018-05-09T20:38:11.926Z,151984,57741,2018-05-09T20:39:51.477Z,38,1,5774176e838c5-c73e-4875-bf46-de8f89f61108,76e838c5-c73e-4875-bf46-de8f89f61108
80169,0157d8cc-74a8-4b1f-ab93-6353920cee90,non-duplicate,2018-05-09T21:03:23.730Z,152067,57754,2018-05-09T21:07:09.718Z,30,1,577540157d8cc-74a8-4b1f-ab93-6353920cee90,0157d8cc-74a8-4b1f-ab93-6353920cee90
80182,0157d8cc-74a8-4b1f-ab93-6353920cee90,duplicate,2018-05-09T21:01:30.114Z,152062,57754,2018-05-09T21:02:28.622Z,29,1,577540157d8cc-74a8-4b1f-ab93-6353920cee90,0157d8cc-74a8-4b1f-ab93-6353920cee90
80195,0157d8cc-74a8-4b1f-ab93-6353920cee90,unsure,2018-05-09T21:00:52.747Z,152060,57754,2018-05-15T18:21:29.498Z,25,1,577540157d8cc-74a8-4b1f-ab93-6353920cee90,0157d8cc-74a8-4b1f-ab93-6353920cee90
80208,0157d8cc-74a8-4b1f-ab93-6353920cee90,non-duplicate,2018-05-09T20:59:16.080Z,152056,57754,2018-05-09T21:01:43.021Z,39,1,577540157d8cc-74a8-4b1f-ab93-6353920cee90,0157d8cc-74a8-4b1f-ab93-6353920cee90
80221,0157d8cc-74a8-4b1f-ab93-6353920cee90,duplicate,2018-05-09T20:57:15.923Z,152052,57754,2018-05-09T20:59:15.369Z,38,1,577540157d8cc-74a8-4b1f-ab93-6353920cee90,0157d8cc-74a8-4b1f-ab93-6353920cee90
80446,b7d5fea1-a02c-4267-ad41-7d26239b5035,non-duplicate,2018-05-09T21:15:33.426Z,152098,57758,2018-05-09T21:18:29.091Z,30,1,57758b7d5fea1-a02c-4267-ad41-7d26239b5035,b7d5fea1-a02c-4267-ad41-7d26239b5035
80460,b7d5fea1-a02c-4267-ad41-7d26239b5035,duplicate,2018-05-09T21:11:15.691Z,152083,57758,2018-05-09T21:12:04.516Z,39,1,57758b7d5fea1-a02c-4267-ad41-7d26239b5035,b7d5fea1-a02c-4267-ad41-7d26239b5035
80474,b7d5fea1-a02c-4267-ad41-7d26239b5035,non-duplicate,2018-05-09T21:10:48.890Z,152081,57758,2018-05-09T21:12:23.687Z,25,1,57758b7d5fea1-a02c-4267-ad41-7d26239b5035,b7d5fea1-a02c-4267-ad41-7d26239b5035
80488,b7d5fea1-a02c-4267-ad41-7d26239b5035,unsure,2018-05-09T21:10:40.785Z,152080,57758,2018-05-10T20:02:12.120Z,36,1,57758b7d5fea1-a02c-4267-ad41-7d26239b5035,b7d5fea1-a02c-4267-ad41-7d26239b5035
80502,b7d5fea1-a02c-4267-ad41-7d26239b5035,duplicate,2018-05-09T21:03:19.608Z,152066,57758,2018-05-09T21:04:21.702Z,38,1,57758b7d5fea1-a02c-4267-ad41-7d26239b5035,b7d5fea1-a02c-4267-ad41-7d26239b5035
83049,1a7979c2-9f4c-4ba2-99ca-ed14eac0ed64,non-duplicate,2018-05-10T13:24:33.161Z,152266,57796,2018-05-11T17:51:18.019Z,29,1,577961a7979c2-9f4c-4ba2-99ca-ed14eac0ed64,1a7979c2-9f4c-4ba2-99ca-ed14eac0ed64
83063,1a7979c2-9f4c-4ba2-99ca-ed14eac0ed64,non-duplicate,2018-05-10T13:25:45.093Z,152268,57796,2018-05-10T13:29:44.483Z,20,1,577961a7979c2-9f4c-4ba2-99ca-ed14eac0ed64,1a7979c2-9f4c-4ba2-99ca-ed14eac0ed64
83077,1a7979c2-9f4c-4ba2-99ca-ed14eac0ed64,duplicate,2018-05-10T13:25:20.492Z,152267,57796,2018-05-10T13:26:34.155Z,43,1,577961a7979c2-9f4c-4ba2-99ca-ed14eac0ed64,1a7979c2-9f4c-4ba2-99ca-ed14eac0ed64
83091,1a7979c2-9f4c-4ba2-99ca-ed14eac0ed64,duplicate,2018-05-10T13:24:29.333Z,152265,57796,2018-05-10T13:31:40.761Z,17,1,577961a7979c2-9f4c-4ba2-99ca-ed14eac0ed64,1a7979c2-9f4c-4ba2-99ca-ed14eac0ed64
83105,1a7979c2-9f4c-4ba2-99ca-ed14eac0ed64,unsure,2018-05-10T13:24:24.362Z,152264,57796,2018-05-10T13:25:57.550Z,37,1,577961a7979c2-9f4c-4ba2-99ca-ed14eac0ed64,1a7979c2-9f4c-4ba2-99ca-ed14eac0ed64
83126,9296deda-a254-4a45-b537-06607406bda6,unsure,2018-05-15T20:09:25.084Z,159079,57797,2018-05-15T20:15:28.646Z,17,1,577979296deda-a254-4a45-b537-06607406bda6,9296deda-a254-4a45-b537-06607406bda6
83140,9296deda-a254-4a45-b537-06607406bda6,duplicate,2018-05-10T13:26:20.498Z,152270,57797,2018-05-10T13:33:31.822Z,41,1,577979296deda-a254-4a45-b537-06607406bda6,9296deda-a254-4a45-b537-06607406bda6
83154,9296deda-a254-4a45-b537-06607406bda6,unsure,2018-05-10T13:28:55.643Z,152276,57797,2018-05-10T13:32:37.751Z,44,1,577979296deda-a254-4a45-b537-06607406bda6,9296deda-a254-4a45-b537-06607406bda6
83168,9296deda-a254-4a45-b537-06607406bda6,non-duplicate,2018-05-10T13:26:31.294Z,152271,57797,2018-05-10T13:31:29.127Z,22,1,577979296deda-a254-4a45-b537-06607406bda6,9296deda-a254-4a45-b537-06607406bda6
83182,9296deda-a254-4a45-b537-06607406bda6,duplicate,2018-05-10T13:25:58.538Z,152269,57797,2018-05-10T13:31:53.193Z,37,1,577979296deda-a254-4a45-b537-06607406bda6,9296deda-a254-4a45-b537-06607406bda6
83524,4c8470f1-a366-4eef-8a06-b9fec61bcc1d,duplicate,2018-05-16T13:33:48.744Z,159650,57803,2018-05-16T13:35:53.263Z,44,1,578034c8470f1-a366-4eef-8a06-b9fec61bcc1d,4c8470f1-a366-4eef-8a06-b9fec61bcc1d
83537,4c8470f1-a366-4eef-8a06-b9fec61bcc1d,unsure,2018-05-16T13:33:44.199Z,159649,57803,2018-05-16T13:39:16.479Z,39,1,578034c8470f1-a366-4eef-8a06-b9fec61bcc1d,4c8470f1-a366-4eef-8a06-b9fec61bcc1d
83550,4c8470f1-a366-4eef-8a06-b9fec61bcc1d,non-duplicate,2018-05-10T13:34:13.159Z,152303,57803,2018-05-10T13:36:22.090Z,37,1,578034c8470f1-a366-4eef-8a06-b9fec61bcc1d,4c8470f1-a366-4eef-8a06-b9fec61bcc1d
83563,4c8470f1-a366-4eef-8a06-b9fec61bcc1d,non-duplicate,2018-05-10T13:35:16.392Z,152307,57803,2018-05-10T13:38:27.935Z,43,1,578034c8470f1-a366-4eef-8a06-b9fec61bcc1d,4c8470f1-a366-4eef-8a06-b9fec61bcc1d
83576,4c8470f1-a366-4eef-8a06-b9fec61bcc1d,duplicate,2018-05-10T13:34:00.516Z,152301,57803,2018-05-10T13:35:03.820Z,23,1,578034c8470f1-a366-4eef-8a06-b9fec61bcc1d,4c8470f1-a366-4eef-8a06-b9fec61bcc1d
85430,374f1f41-869c-4feb-991b-488d35afba3a,non-duplicate,2018-05-10T14:04:37.735Z,152444,57831,2018-05-10T14:08:23.688Z,33,1,57831374f1f41-869c-4feb-991b-488d35afba3a,374f1f41-869c-4feb-991b-488d35afba3a
85444,374f1f41-869c-4feb-991b-488d35afba3a,duplicate,2018-05-10T14:04:33.754Z,152443,57831,2018-05-10T14:06:03.735Z,58,1,57831374f1f41-869c-4feb-991b-488d35afba3a,374f1f41-869c-4feb-991b-488d35afba3a
85458,374f1f41-869c-4feb-991b-488d35afba3a,non-duplicate,2018-05-10T14:04:46.598Z,152445,57831,2018-05-10T14:05:28.568Z,17,1,57831374f1f41-869c-4feb-991b-488d35afba3a,374f1f41-869c-4feb-991b-488d35afba3a
85472,374f1f41-869c-4feb-991b-488d35afba3a,unsure,2018-05-10T14:04:30.446Z,152442,57831,2018-05-10T14:05:18.987Z,44,1,57831374f1f41-869c-4feb-991b-488d35afba3a,374f1f41-869c-4feb-991b-488d35afba3a
85486,374f1f41-869c-4feb-991b-488d35afba3a,unsure,2018-05-10T14:03:55.213Z,152439,57831,2018-05-10T14:07:34.814Z,43,1,57831374f1f41-869c-4feb-991b-488d35afba3a,374f1f41-869c-4feb-991b-488d35afba3a
86863,361f5f04-0484-4cef-86ea-ba52403b804c,duplicate,2018-05-16T13:34:19.371Z,159654,57852,2018-05-16T13:35:15.311Z,30,1,57852361f5f04-0484-4cef-86ea-ba52403b804c,361f5f04-0484-4cef-86ea-ba52403b804c
86877,361f5f04-0484-4cef-86ea-ba52403b804c,non-duplicate,2018-05-16T13:33:58.397Z,159651,57852,2018-05-16T13:34:37.725Z,37,1,57852361f5f04-0484-4cef-86ea-ba52403b804c,361f5f04-0484-4cef-86ea-ba52403b804c
86891,361f5f04-0484-4cef-86ea-ba52403b804c,unsure,2018-05-10T14:37:03.027Z,152551,57852,2018-05-10T14:43:59.480Z,29,1,57852361f5f04-0484-4cef-86ea-ba52403b804c,361f5f04-0484-4cef-86ea-ba52403b804c
86905,361f5f04-0484-4cef-86ea-ba52403b804c,duplicate,2018-05-10T14:37:05.863Z,152552,57852,2018-05-10T14:44:42.372Z,20,1,57852361f5f04-0484-4cef-86ea-ba52403b804c,361f5f04-0484-4cef-86ea-ba52403b804c
86919,361f5f04-0484-4cef-86ea-ba52403b804c,non-duplicate,2018-05-10T14:36:06.900Z,152548,57852,2018-05-10T14:38:32.902Z,47,1,57852361f5f04-0484-4cef-86ea-ba52403b804c,361f5f04-0484-4cef-86ea-ba52403b804c
87145,4ec9a212-a3eb-4298-8c31-0faa142bb26b,duplicate,2018-05-15T20:22:21.169Z,159097,57856,2018-05-15T20:24:45.531Z,31,1,578564ec9a212-a3eb-4298-8c31-0faa142bb26b,4ec9a212-a3eb-4298-8c31-0faa142bb26b
87150,9b186b60-5096-4bc5-9d34-1d724f9b3368,non-duplicate,2018-05-15T20:22:21.169Z,159097,57856,2018-05-15T20:24:45.531Z,31,1,578569b186b60-5096-4bc5-9d34-1d724f9b3368,9b186b60-5096-4bc5-9d34-1d724f9b3368
87159,4ec9a212-a3eb-4298-8c31-0faa142bb26b,unsure,2018-05-10T14:44:01.052Z,152573,57856,2018-05-10T14:48:21.208Z,29,1,578564ec9a212-a3eb-4298-8c31-0faa142bb26b,4ec9a212-a3eb-4298-8c31-0faa142bb26b
87164,9b186b60-5096-4bc5-9d34-1d724f9b3368,unsure,2018-05-10T14:44:01.052Z,152573,57856,2018-05-10T14:48:21.208Z,29,1,578569b186b60-5096-4bc5-9d34-1d724f9b3368,9b186b60-5096-4bc5-9d34-1d724f9b3368
87173,4ec9a212-a3eb-4298-8c31-0faa142bb26b,non-duplicate,2018-05-10T14:44:43.403Z,152576,57856,2018-05-11T14:59:20.522Z,20,1,578564ec9a212-a3eb-4298-8c31-0faa142bb26b,4ec9a212-a3eb-4298-8c31-0faa142bb26b
87178,9b186b60-5096-4bc5-9d34-1d724f9b3368,duplicate,2018-05-10T14:44:43.403Z,152576,57856,2018-05-11T14:59:20.522Z,20,1,578569b186b60-5096-4bc5-9d34-1d724f9b3368,9b186b60-5096-4bc5-9d34-1d724f9b3368
87187,4ec9a212-a3eb-4298-8c31-0faa142bb26b,duplicate,2018-05-10T14:44:00.022Z,152572,57856,2018-05-10T14:46:53.260Z,44,1,578564ec9a212-a3eb-4298-8c31-0faa142bb26b,4ec9a212-a3eb-4298-8c31-0faa142bb26b
87192,9b186b60-5096-4bc5-9d34-1d724f9b3368,duplicate,2018-05-10T14:44:00.022Z,152572,57856,2018-05-10T14:46:53.260Z,44,1,578569b186b60-5096-4bc5-9d34-1d724f9b3368,9b186b60-5096-4bc5-9d34-1d724f9b3368
87201,4ec9a212-a3eb-4298-8c31-0faa142bb26b,non-duplicate,2018-05-10T14:42:35.502Z,152569,57856,2018-05-10T14:44:16.022Z,26,1,578564ec9a212-a3eb-4298-8c31-0faa142bb26b,4ec9a212-a3eb-4298-8c31-0faa142bb26b
87206,9b186b60-5096-4bc5-9d34-1d724f9b3368,non-duplicate,2018-05-10T14:42:35.502Z,152569,57856,2018-05-10T14:44:16.022Z,26,1,578569b186b60-5096-4bc5-9d34-1d724f9b3368,9b186b60-5096-4bc5-9d34-1d724f9b3368
87662,d52f9f68-2dff-4ac8-bf4d-fd22e63e2f08,duplicate,2018-05-15T20:24:28.418Z,159102,57864,2018-05-15T20:26:07.104Z,47,1,57864d52f9f68-2dff-4ac8-bf4d-fd22e63e2f08,d52f9f68-2dff-4ac8-bf4d-fd22e63e2f08
87676,d52f9f68-2dff-4ac8-bf4d-fd22e63e2f08,unsure,2018-05-10T14:51:14.167Z,152614,57864,2018-05-10T14:53:43.432Z,39,1,57864d52f9f68-2dff-4ac8-bf4d-fd22e63e2f08,d52f9f68-2dff-4ac8-bf4d-fd22e63e2f08
87690,d52f9f68-2dff-4ac8-bf4d-fd22e63e2f08,non-duplicate,2018-05-10T14:51:03.957Z,152612,57864,2018-05-10T14:52:14.344Z,45,1,57864d52f9f68-2dff-4ac8-bf4d-fd22e63e2f08,d52f9f68-2dff-4ac8-bf4d-fd22e63e2f08
87704,d52f9f68-2dff-4ac8-bf4d-fd22e63e2f08,non-duplicate,2018-05-10T14:51:20.155Z,152615,57864,2018-05-10T14:52:13.796Z,26,1,57864d52f9f68-2dff-4ac8-bf4d-fd22e63e2f08,d52f9f68-2dff-4ac8-bf4d-fd22e63e2f08
87718,d52f9f68-2dff-4ac8-bf4d-fd22e63e2f08,duplicate,2018-05-10T14:51:07.218Z,152613,57864,2018-05-10T14:55:18.839Z,29,1,57864d52f9f68-2dff-4ac8-bf4d-fd22e63e2f08,d52f9f68-2dff-4ac8-bf4d-fd22e63e2f08
93934,1f0ff2a9-b354-4267-b787-c12cb4e14b4e,unsure,2018-05-16T14:12:29.033Z,159872,57955,2018-05-16T14:18:41.362Z,40,1,579551f0ff2a9-b354-4267-b787-c12cb4e14b4e,1f0ff2a9-b354-4267-b787-c12cb4e14b4e
93947,1f0ff2a9-b354-4267-b787-c12cb4e14b4e,duplicate,2018-05-16T14:08:25.591Z,159854,57955,2018-05-16T14:09:37.090Z,46,1,579551f0ff2a9-b354-4267-b787-c12cb4e14b4e,1f0ff2a9-b354-4267-b787-c12cb4e14b4e
93960,1f0ff2a9-b354-4267-b787-c12cb4e14b4e,non-duplicate,2018-05-16T14:09:33.355Z,159856,57955,2018-05-16T14:14:16.316Z,21,1,579551f0ff2a9-b354-4267-b787-c12cb4e14b4e,1f0ff2a9-b354-4267-b787-c12cb4e14b4e
93973,1f0ff2a9-b354-4267-b787-c12cb4e14b4e,non-duplicate,2018-05-10T17:51:13.525Z,153071,57955,2018-05-10T17:55:02.555Z,44,1,579551f0ff2a9-b354-4267-b787-c12cb4e14b4e,1f0ff2a9-b354-4267-b787-c12cb4e14b4e
93986,1f0ff2a9-b354-4267-b787-c12cb4e14b4e,duplicate,2018-05-10T17:51:12.287Z,153070,57955,2018-05-10T17:52:13.381Z,26,1,579551f0ff2a9-b354-4267-b787-c12cb4e14b4e,1f0ff2a9-b354-4267-b787-c12cb4e14b4e
94561,a72b1c5e-6e04-46a9-aec6-29271ced8f3a,non-duplicate,2018-05-15T20:39:12.789Z,159141,57964,2018-05-15T20:41:03.818Z,49,1,57964a72b1c5e-6e04-46a9-aec6-29271ced8f3a,a72b1c5e-6e04-46a9-aec6-29271ced8f3a
94575,a72b1c5e-6e04-46a9-aec6-29271ced8f3a,non-duplicate,2018-05-15T20:39:02.386Z,159140,57964,2018-05-15T20:43:43.562Z,36,1,57964a72b1c5e-6e04-46a9-aec6-29271ced8f3a,a72b1c5e-6e04-46a9-aec6-29271ced8f3a
94589,a72b1c5e-6e04-46a9-aec6-29271ced8f3a,unsure,2018-05-10T18:03:01.591Z,153117,57964,2018-05-10T18:04:51.050Z,25,1,57964a72b1c5e-6e04-46a9-aec6-29271ced8f3a,a72b1c5e-6e04-46a9-aec6-29271ced8f3a
94603,a72b1c5e-6e04-46a9-aec6-29271ced8f3a,duplicate,2018-05-10T18:03:23.391Z,153121,57964,2018-05-10T18:04:41.314Z,58,1,57964a72b1c5e-6e04-46a9-aec6-29271ced8f3a,a72b1c5e-6e04-46a9-aec6-29271ced8f3a
94617,a72b1c5e-6e04-46a9-aec6-29271ced8f3a,duplicate,2018-05-10T17:58:55.689Z,153107,57964,2018-05-10T17:59:48.482Z,26,1,57964a72b1c5e-6e04-46a9-aec6-29271ced8f3a,a72b1c5e-6e04-46a9-aec6-29271ced8f3a
94904,1935fc86-fd02-469b-841f-0b6d2a940387,unsure,2018-05-10T18:10:11.977Z,153148,57969,2018-05-10T18:21:01.681Z,37,1,579691935fc86-fd02-469b-841f-0b6d2a940387,1935fc86-fd02-469b-841f-0b6d2a940387
94918,1935fc86-fd02-469b-841f-0b6d2a940387,duplicate,2018-05-10T18:10:38.416Z,153149,57969,2018-05-10T18:11:35.872Z,45,1,579691935fc86-fd02-469b-841f-0b6d2a940387,1935fc86-fd02-469b-841f-0b6d2a940387
94932,1935fc86-fd02-469b-841f-0b6d2a940387,non-duplicate,2018-05-10T18:10:03.182Z,153147,57969,2018-05-10T18:10:44.684Z,33,1,579691935fc86-fd02-469b-841f-0b6d2a940387,1935fc86-fd02-469b-841f-0b6d2a940387
94946,1935fc86-fd02-469b-841f-0b6d2a940387,duplicate,2018-05-10T18:08:16.057Z,153142,57969,2018-05-10T18:09:58.687Z,23,1,579691935fc86-fd02-469b-841f-0b6d2a940387,1935fc86-fd02-469b-841f-0b6d2a940387
94960,1935fc86-fd02-469b-841f-0b6d2a940387,non-duplicate,2018-05-10T18:04:36.789Z,153126,57969,2018-05-10T18:05:21.258Z,26,1,579691935fc86-fd02-469b-841f-0b6d2a940387,1935fc86-fd02-469b-841f-0b6d2a940387
95879,55964a4e-7c53-4d15-b981-0227e6393f9b,duplicate,2018-05-10T18:26:58.620Z,153223,57983,2018-05-11T20:13:02.756Z,38,1,5798355964a4e-7c53-4d15-b981-0227e6393f9b,55964a4e-7c53-4d15-b981-0227e6393f9b
95892,55964a4e-7c53-4d15-b981-0227e6393f9b,non-duplicate,2018-05-10T18:26:02.979Z,153217,57983,2018-05-10T18:28:04.263Z,46,1,5798355964a4e-7c53-4d15-b981-0227e6393f9b,55964a4e-7c53-4d15-b981-0227e6393f9b
95905,55964a4e-7c53-4d15-b981-0227e6393f9b,non-duplicate,2018-05-10T18:24:33.630Z,153215,57983,2018-05-10T18:26:50.930Z,37,1,5798355964a4e-7c53-4d15-b981-0227e6393f9b,55964a4e-7c53-4d15-b981-0227e6393f9b
95918,55964a4e-7c53-4d15-b981-0227e6393f9b,unsure,2018-05-10T18:23:53.911Z,153213,57983,2018-05-10T18:26:21.693Z,25,1,5798355964a4e-7c53-4d15-b981-0227e6393f9b,55964a4e-7c53-4d15-b981-0227e6393f9b
95931,55964a4e-7c53-4d15-b981-0227e6393f9b,duplicate,2018-05-10T18:25:14.509Z,153216,57983,2018-05-10T18:27:20.276Z,20,1,5798355964a4e-7c53-4d15-b981-0227e6393f9b,55964a4e-7c53-4d15-b981-0227e6393f9b
99966,6d4ab1f8-f155-4854-a57b-cf4b2529c1a9,duplicate,2018-05-10T20:21:07.948Z,153518,58042,2018-05-11T19:15:58.541Z,45,1,580426d4ab1f8-f155-4854-a57b-cf4b2529c1a9,6d4ab1f8-f155-4854-a57b-cf4b2529c1a9
99979,6d4ab1f8-f155-4854-a57b-cf4b2529c1a9,unsure,2018-05-10T20:21:38.341Z,153520,58042,2018-05-10T20:23:43.461Z,29,1,580426d4ab1f8-f155-4854-a57b-cf4b2529c1a9,6d4ab1f8-f155-4854-a57b-cf4b2529c1a9
99992,6d4ab1f8-f155-4854-a57b-cf4b2529c1a9,non-duplicate,2018-05-10T20:21:20.978Z,153519,58042,2018-05-10T20:22:21.924Z,41,1,580426d4ab1f8-f155-4854-a57b-cf4b2529c1a9,6d4ab1f8-f155-4854-a57b-cf4b2529c1a9
100005,6d4ab1f8-f155-4854-a57b-cf4b2529c1a9,non-duplicate,2018-05-10T20:18:49.872Z,153514,58042,2018-05-10T20:20:48.169Z,46,1,580426d4ab1f8-f155-4854-a57b-cf4b2529c1a9,6d4ab1f8-f155-4854-a57b-cf4b2529c1a9
100018,6d4ab1f8-f155-4854-a57b-cf4b2529c1a9,duplicate,2018-05-10T19:59:40.170Z,153500,58042,2018-05-10T20:18:30.807Z,30,1,580426d4ab1f8-f155-4854-a57b-cf4b2529c1a9,6d4ab1f8-f155-4854-a57b-cf4b2529c1a9
103180,9fdc55e8-b863-4aab-9715-4cb8af93cd89,non-duplicate,2018-05-15T20:50:01.370Z,159185,58089,2018-05-15T20:52:48.189Z,17,1,580899fdc55e8-b863-4aab-9715-4cb8af93cd89,9fdc55e8-b863-4aab-9715-4cb8af93cd89
103194,9fdc55e8-b863-4aab-9715-4cb8af93cd89,duplicate,2018-05-10T21:24:39.321Z,153735,58089,2018-05-11T14:09:14.070Z,36,1,580899fdc55e8-b863-4aab-9715-4cb8af93cd89,9fdc55e8-b863-4aab-9715-4cb8af93cd89
103208,9fdc55e8-b863-4aab-9715-4cb8af93cd89,unsure,2018-05-10T21:31:11.787Z,153754,58089,2018-05-10T21:33:31.175Z,30,1,580899fdc55e8-b863-4aab-9715-4cb8af93cd89,9fdc55e8-b863-4aab-9715-4cb8af93cd89
103222,9fdc55e8-b863-4aab-9715-4cb8af93cd89,non-duplicate,2018-05-10T21:31:01.277Z,153751,58089,2018-05-10T21:32:40.387Z,31,1,580899fdc55e8-b863-4aab-9715-4cb8af93cd89,9fdc55e8-b863-4aab-9715-4cb8af93cd89
103236,9fdc55e8-b863-4aab-9715-4cb8af93cd89,duplicate,2018-05-10T21:31:52.416Z,153755,58089,2018-05-10T21:32:45.797Z,38,1,580899fdc55e8-b863-4aab-9715-4cb8af93cd89,9fdc55e8-b863-4aab-9715-4cb8af93cd89
106819,a0555922-4f76-4498-bfd7-998ddab5b3fe,duplicate,2018-05-15T20:57:28.257Z,159205,58142,2018-05-15T20:58:56.371Z,31,1,58142a0555922-4f76-4498-bfd7-998ddab5b3fe,a0555922-4f76-4498-bfd7-998ddab5b3fe
106832,a0555922-4f76-4498-bfd7-998ddab5b3fe,duplicate,2018-05-15T20:57:00.363Z,159204,58142,2018-05-15T20:58:05.206Z,39,1,58142a0555922-4f76-4498-bfd7-998ddab5b3fe,a0555922-4f76-4498-bfd7-998ddab5b3fe
106845,a0555922-4f76-4498-bfd7-998ddab5b3fe,non-duplicate,2018-05-15T20:57:36.704Z,159206,58142,2018-05-15T20:59:27.276Z,49,1,58142a0555922-4f76-4498-bfd7-998ddab5b3fe,a0555922-4f76-4498-bfd7-998ddab5b3fe
106858,a0555922-4f76-4498-bfd7-998ddab5b3fe,unsure,2018-05-11T13:33:40.389Z,154025,58142,2018-05-11T13:41:18.972Z,29,1,58142a0555922-4f76-4498-bfd7-998ddab5b3fe,a0555922-4f76-4498-bfd7-998ddab5b3fe
106871,a0555922-4f76-4498-bfd7-998ddab5b3fe,non-duplicate,2018-05-11T13:33:29.714Z,154023,58142,2018-05-11T13:33:55.890Z,16,1,58142a0555922-4f76-4498-bfd7-998ddab5b3fe,a0555922-4f76-4498-bfd7-998ddab5b3fe
106953,ff135a45-7605-44c5-8f3c-a60b7041eff4,non-duplicate,2018-05-11T13:34:12.293Z,154032,58144,2018-05-11T13:43:32.040Z,17,1,58144ff135a45-7605-44c5-8f3c-a60b7041eff4,ff135a45-7605-44c5-8f3c-a60b7041eff4
106967,ff135a45-7605-44c5-8f3c-a60b7041eff4,duplicate,2018-05-11T13:34:51.475Z,154036,58144,2018-05-11T13:39:17.303Z,40,1,58144ff135a45-7605-44c5-8f3c-a60b7041eff4,ff135a45-7605-44c5-8f3c-a60b7041eff4
106981,ff135a45-7605-44c5-8f3c-a60b7041eff4,duplicate,2018-05-11T13:34:54.877Z,154037,58144,2018-05-11T13:36:09.934Z,26,1,58144ff135a45-7605-44c5-8f3c-a60b7041eff4,ff135a45-7605-44c5-8f3c-a60b7041eff4
106995,ff135a45-7605-44c5-8f3c-a60b7041eff4,unsure,2018-05-11T13:34:28.730Z,154034,58144,2018-05-11T13:35:49.114Z,37,1,58144ff135a45-7605-44c5-8f3c-a60b7041eff4,ff135a45-7605-44c5-8f3c-a60b7041eff4
107009,ff135a45-7605-44c5-8f3c-a60b7041eff4,non-duplicate,2018-05-11T13:34:19.161Z,154033,58144,2018-05-11T13:34:49.230Z,33,1,58144ff135a45-7605-44c5-8f3c-a60b7041eff4,ff135a45-7605-44c5-8f3c-a60b7041eff4
107932,e0a0be22-d03a-4121-8e82-76bf18c40c39,non-duplicate,2018-05-11T13:46:53.973Z,154106,58158,2018-05-11T13:49:19.467Z,22,1,58158e0a0be22-d03a-4121-8e82-76bf18c40c39,e0a0be22-d03a-4121-8e82-76bf18c40c39
107946,e0a0be22-d03a-4121-8e82-76bf18c40c39,non-duplicate,2018-05-11T13:46:46.619Z,154104,58158,2018-05-11T13:47:49.146Z,20,1,58158e0a0be22-d03a-4121-8e82-76bf18c40c39,e0a0be22-d03a-4121-8e82-76bf18c40c39
107960,e0a0be22-d03a-4121-8e82-76bf18c40c39,duplicate,2018-05-11T13:47:00.021Z,154107,58158,2018-05-11T13:47:45.979Z,33,1,58158e0a0be22-d03a-4121-8e82-76bf18c40c39,e0a0be22-d03a-4121-8e82-76bf18c40c39
107974,e0a0be22-d03a-4121-8e82-76bf18c40c39,duplicate,2018-05-11T13:46:51.681Z,154105,58158,2018-05-11T13:47:46.106Z,29,1,58158e0a0be22-d03a-4121-8e82-76bf18c40c39,e0a0be22-d03a-4121-8e82-76bf18c40c39
107988,e0a0be22-d03a-4121-8e82-76bf18c40c39,unsure,2018-05-11T13:46:41.938Z,154103,58158,2018-05-11T13:47:42.841Z,17,1,58158e0a0be22-d03a-4121-8e82-76bf18c40c39,e0a0be22-d03a-4121-8e82-76bf18c40c39
111756,b38ca36f-a681-4ae3-8d4c-37f4080d81d4,non-duplicate,2018-05-15T21:06:50.806Z,159225,58213,2018-05-15T21:07:51.861Z,39,1,58213b38ca36f-a681-4ae3-8d4c-37f4080d81d4,b38ca36f-a681-4ae3-8d4c-37f4080d81d4
111769,b38ca36f-a681-4ae3-8d4c-37f4080d81d4,duplicate,2018-05-11T14:34:11.403Z,154389,58213,2018-05-11T14:36:45.346Z,37,1,58213b38ca36f-a681-4ae3-8d4c-37f4080d81d4,b38ca36f-a681-4ae3-8d4c-37f4080d81d4
111782,b38ca36f-a681-4ae3-8d4c-37f4080d81d4,unsure,2018-05-11T14:33:55.956Z,154388,58213,2018-05-11T14:35:29.577Z,43,1,58213b38ca36f-a681-4ae3-8d4c-37f4080d81d4,b38ca36f-a681-4ae3-8d4c-37f4080d81d4
111795,b38ca36f-a681-4ae3-8d4c-37f4080d81d4,non-duplicate,2018-05-11T14:34:15.826Z,154390,58213,2018-05-11T14:34:35.740Z,16,1,58213b38ca36f-a681-4ae3-8d4c-37f4080d81d4,b38ca36f-a681-4ae3-8d4c-37f4080d81d4
111808,b38ca36f-a681-4ae3-8d4c-37f4080d81d4,duplicate,2018-05-11T14:34:29.434Z,154391,58213,2018-05-11T14:35:37.211Z,58,1,58213b38ca36f-a681-4ae3-8d4c-37f4080d81d4,b38ca36f-a681-4ae3-8d4c-37f4080d81d4
112928,46edd2c0-6ca7-4133-83c4-a9966dda652b,non-duplicate,2018-05-11T14:46:03.120Z,154471,58230,2018-05-11T18:07:09.616Z,16,1,5823046edd2c0-6ca7-4133-83c4-a9966dda652b,46edd2c0-6ca7-4133-83c4-a9966dda652b
112941,46edd2c0-6ca7-4133-83c4-a9966dda652b,unsure,2018-05-11T14:47:02.278Z,154477,58230,2018-05-11T14:50:26.961Z,44,1,5823046edd2c0-6ca7-4133-83c4-a9966dda652b,46edd2c0-6ca7-4133-83c4-a9966dda652b
112954,46edd2c0-6ca7-4133-83c4-a9966dda652b,unsure,2018-05-11T14:48:46.122Z,154490,58230,2018-05-11T14:54:02.394Z,17,1,5823046edd2c0-6ca7-4133-83c4-a9966dda652b,46edd2c0-6ca7-4133-83c4-a9966dda652b
112967,46edd2c0-6ca7-4133-83c4-a9966dda652b,duplicate,2018-05-11T14:47:07.462Z,154478,58230,2018-05-11T14:48:32.098Z,49,1,5823046edd2c0-6ca7-4133-83c4-a9966dda652b,46edd2c0-6ca7-4133-83c4-a9966dda652b
112980,46edd2c0-6ca7-4133-83c4-a9966dda652b,duplicate,2018-05-11T14:46:54.802Z,154476,58230,2018-05-11T14:47:38.012Z,43,1,5823046edd2c0-6ca7-4133-83c4-a9966dda652b,46edd2c0-6ca7-4133-83c4-a9966dda652b
115039,7ecf4c31-df08-4838-ab19-165fceafca96,unsure,2018-05-11T15:32:10.916Z,154628,58261,2018-05-11T15:39:07.897Z,43,1,582617ecf4c31-df08-4838-ab19-165fceafca96,7ecf4c31-df08-4838-ab19-165fceafca96
115053,7ecf4c31-df08-4838-ab19-165fceafca96,unsure,2018-05-11T15:32:59.043Z,154632,58261,2018-05-11T15:37:33.207Z,30,1,582617ecf4c31-df08-4838-ab19-165fceafca96,7ecf4c31-df08-4838-ab19-165fceafca96
115067,7ecf4c31-df08-4838-ab19-165fceafca96,non-duplicate,2018-05-11T15:32:20.557Z,154630,58261,2018-05-11T15:33:57.764Z,37,1,582617ecf4c31-df08-4838-ab19-165fceafca96,7ecf4c31-df08-4838-ab19-165fceafca96
115081,7ecf4c31-df08-4838-ab19-165fceafca96,duplicate,2018-05-11T15:32:13.026Z,154629,58261,2018-05-11T15:35:04.351Z,40,1,582617ecf4c31-df08-4838-ab19-165fceafca96,7ecf4c31-df08-4838-ab19-165fceafca96
115095,7ecf4c31-df08-4838-ab19-165fceafca96,duplicate,2018-05-11T15:31:43.154Z,154626,58261,2018-05-11T15:32:56.674Z,33,1,582617ecf4c31-df08-4838-ab19-165fceafca96,7ecf4c31-df08-4838-ab19-165fceafca96
117540,81cfa4e6-8c83-4e0b-af09-f7851db10f89,unsure,2018-05-11T16:21:41.236Z,154808,58297,2018-05-11T17:50:14.422Z,29,1,5829781cfa4e6-8c83-4e0b-af09-f7851db10f89,81cfa4e6-8c83-4e0b-af09-f7851db10f89
117554,81cfa4e6-8c83-4e0b-af09-f7851db10f89,duplicate,2018-05-11T16:21:35.127Z,154807,58297,2018-05-11T16:38:30.558Z,38,1,5829781cfa4e6-8c83-4e0b-af09-f7851db10f89,81cfa4e6-8c83-4e0b-af09-f7851db10f89
117568,81cfa4e6-8c83-4e0b-af09-f7851db10f89,non-duplicate,2018-05-11T16:21:20.832Z,154806,58297,2018-05-11T16:32:07.017Z,30,1,5829781cfa4e6-8c83-4e0b-af09-f7851db10f89,81cfa4e6-8c83-4e0b-af09-f7851db10f89
117582,81cfa4e6-8c83-4e0b-af09-f7851db10f89,duplicate,2018-05-11T16:24:38.238Z,154810,58297,2018-05-11T16:25:14.273Z,46,1,5829781cfa4e6-8c83-4e0b-af09-f7851db10f89,81cfa4e6-8c83-4e0b-af09-f7851db10f89
117596,81cfa4e6-8c83-4e0b-af09-f7851db10f89,non-duplicate,2018-05-11T16:22:29.817Z,154809,58297,2018-05-11T16:26:40.651Z,39,1,5829781cfa4e6-8c83-4e0b-af09-f7851db10f89,81cfa4e6-8c83-4e0b-af09-f7851db10f89
118218,a038e26f-ad6b-4c2c-83b2-6044afa55685,non-duplicate,2018-05-15T21:18:09.837Z,159269,58307,2018-05-15T21:18:58.813Z,49,1,58307a038e26f-ad6b-4c2c-83b2-6044afa55685,a038e26f-ad6b-4c2c-83b2-6044afa55685
118223,ee65455a-25e4-4c31-a07d-17a2e12686c8,non-duplicate,2018-05-15T21:18:09.837Z,159269,58307,2018-05-15T21:18:58.813Z,49,1,58307ee65455a-25e4-4c31-a07d-17a2e12686c8,ee65455a-25e4-4c31-a07d-17a2e12686c8
118232,a038e26f-ad6b-4c2c-83b2-6044afa55685,duplicate,2018-05-11T16:38:32.254Z,154856,58307,2018-05-11T18:16:45.320Z,38,1,58307a038e26f-ad6b-4c2c-83b2-6044afa55685,a038e26f-ad6b-4c2c-83b2-6044afa55685
118237,ee65455a-25e4-4c31-a07d-17a2e12686c8,duplicate,2018-05-11T16:38:32.254Z,154856,58307,2018-05-11T18:16:45.320Z,38,1,58307ee65455a-25e4-4c31-a07d-17a2e12686c8,ee65455a-25e4-4c31-a07d-17a2e12686c8
118246,a038e26f-ad6b-4c2c-83b2-6044afa55685,unsure,2018-05-11T16:38:33.155Z,154857,58307,2018-05-11T16:43:35.659Z,17,1,58307a038e26f-ad6b-4c2c-83b2-6044afa55685,a038e26f-ad6b-4c2c-83b2-6044afa55685
118251,ee65455a-25e4-4c31-a07d-17a2e12686c8,unsure,2018-05-11T16:38:33.155Z,154857,58307,2018-05-11T16:43:35.659Z,17,1,58307ee65455a-25e4-4c31-a07d-17a2e12686c8,ee65455a-25e4-4c31-a07d-17a2e12686c8
118260,a038e26f-ad6b-4c2c-83b2-6044afa55685,non-duplicate,2018-05-11T16:39:31.157Z,154861,58307,2018-05-11T16:40:24.680Z,40,1,58307a038e26f-ad6b-4c2c-83b2-6044afa55685,a038e26f-ad6b-4c2c-83b2-6044afa55685
118265,ee65455a-25e4-4c31-a07d-17a2e12686c8,non-duplicate,2018-05-11T16:39:31.157Z,154861,58307,2018-05-11T16:40:24.680Z,40,1,58307ee65455a-25e4-4c31-a07d-17a2e12686c8,ee65455a-25e4-4c31-a07d-17a2e12686c8
118274,a038e26f-ad6b-4c2c-83b2-6044afa55685,duplicate,2018-05-11T16:38:36.490Z,154858,58307,2018-05-11T16:39:17.123Z,30,1,58307a038e26f-ad6b-4c2c-83b2-6044afa55685,a038e26f-ad6b-4c2c-83b2-6044afa55685
118279,ee65455a-25e4-4c31-a07d-17a2e12686c8,duplicate,2018-05-11T16:38:36.490Z,154858,58307,2018-05-11T16:39:17.123Z,30,1,58307ee65455a-25e4-4c31-a07d-17a2e12686c8,ee65455a-25e4-4c31-a07d-17a2e12686c8
119182,5744422b-f03c-4606-9071-00ed7c71a5d4,duplicate,2018-05-11T17:55:33.831Z,154932,58321,2018-05-11T17:58:45.988Z,22,1,583215744422b-f03c-4606-9071-00ed7c71a5d4,5744422b-f03c-4606-9071-00ed7c71a5d4
119196,5744422b-f03c-4606-9071-00ed7c71a5d4,duplicate,2018-05-11T17:55:05.038Z,154930,58321,2018-05-11T17:58:36.611Z,23,1,583215744422b-f03c-4606-9071-00ed7c71a5d4,5744422b-f03c-4606-9071-00ed7c71a5d4
119210,5744422b-f03c-4606-9071-00ed7c71a5d4,unsure,2018-05-11T17:55:47.385Z,154933,58321,2018-05-11T17:57:44.729Z,21,1,583215744422b-f03c-4606-9071-00ed7c71a5d4,5744422b-f03c-4606-9071-00ed7c71a5d4
119224,5744422b-f03c-4606-9071-00ed7c71a5d4,unsure,2018-05-11T17:54:38.926Z,154929,58321,2018-05-11T17:55:57.227Z,17,1,583215744422b-f03c-4606-9071-00ed7c71a5d4,5744422b-f03c-4606-9071-00ed7c71a5d4
119238,5744422b-f03c-4606-9071-00ed7c71a5d4,non-duplicate,2018-05-11T17:54:31.894Z,154928,58321,2018-05-11T17:55:21.641Z,45,1,583215744422b-f03c-4606-9071-00ed7c71a5d4,5744422b-f03c-4606-9071-00ed7c71a5d4
119656,01cbe871-dab8-4c48-97b4-360101bda648,duplicate,2018-05-15T21:19:41.138Z,159278,58328,2018-05-15T21:28:59.988Z,49,1,5832801cbe871-dab8-4c48-97b4-360101bda648,01cbe871-dab8-4c48-97b4-360101bda648
119670,01cbe871-dab8-4c48-97b4-360101bda648,non-duplicate,2018-05-11T18:02:42.495Z,154966,58328,2018-05-11T18:04:17.086Z,20,1,5832801cbe871-dab8-4c48-97b4-360101bda648,01cbe871-dab8-4c48-97b4-360101bda648
119684,01cbe871-dab8-4c48-97b4-360101bda648,unsure,2018-05-11T18:02:32.054Z,154965,58328,2018-05-11T18:04:15.749Z,17,1,5832801cbe871-dab8-4c48-97b4-360101bda648,01cbe871-dab8-4c48-97b4-360101bda648
119698,01cbe871-dab8-4c48-97b4-360101bda648,duplicate,2018-05-11T18:02:24.888Z,154964,58328,2018-05-11T18:07:07.291Z,46,1,5832801cbe871-dab8-4c48-97b4-360101bda648,01cbe871-dab8-4c48-97b4-360101bda648
119712,01cbe871-dab8-4c48-97b4-360101bda648,non-duplicate,2018-05-11T18:00:51.099Z,154955,58328,2018-05-11T18:02:15.631Z,45,1,5832801cbe871-dab8-4c48-97b4-360101bda648,01cbe871-dab8-4c48-97b4-360101bda648
120142,e0c7f97c-d7a1-423c-bb74-8313ad52bf25,non-duplicate,2018-05-11T18:09:24.428Z,154998,58335,2018-05-11T18:26:54.690Z,58,1,58335e0c7f97c-d7a1-423c-bb74-8313ad52bf25,e0c7f97c-d7a1-423c-bb74-8313ad52bf25
120156,e0c7f97c-d7a1-423c-bb74-8313ad52bf25,unsure,2018-05-11T18:09:13.926Z,154997,58335,2018-05-11T18:11:11.735Z,25,1,58335e0c7f97c-d7a1-423c-bb74-8313ad52bf25,e0c7f97c-d7a1-423c-bb74-8313ad52bf25
120170,e0c7f97c-d7a1-423c-bb74-8313ad52bf25,duplicate,2018-05-11T18:09:47.362Z,155000,58335,2018-05-11T18:12:49.249Z,44,1,58335e0c7f97c-d7a1-423c-bb74-8313ad52bf25,e0c7f97c-d7a1-423c-bb74-8313ad52bf25
120184,e0c7f97c-d7a1-423c-bb74-8313ad52bf25,duplicate,2018-05-11T18:09:24.919Z,154999,58335,2018-05-11T18:10:36.559Z,23,1,58335e0c7f97c-d7a1-423c-bb74-8313ad52bf25,e0c7f97c-d7a1-423c-bb74-8313ad52bf25
120198,e0c7f97c-d7a1-423c-bb74-8313ad52bf25,non-duplicate,2018-05-11T18:09:06.175Z,154996,58335,2018-05-11T18:11:47.599Z,17,1,58335e0c7f97c-d7a1-423c-bb74-8313ad52bf25,e0c7f97c-d7a1-423c-bb74-8313ad52bf25
121418,40037d46-df0f-40f1-ab43-b35fc645fc16,unsure,2018-05-16T14:17:06.311Z,159885,58354,2018-05-16T14:18:18.132Z,21,1,5835440037d46-df0f-40f1-ab43-b35fc645fc16,40037d46-df0f-40f1-ab43-b35fc645fc16
121426,c281247f-8e7c-4b39-9069-44c15948539d,unsure,2018-05-16T14:17:06.311Z,159885,58354,2018-05-16T14:18:18.132Z,21,1,58354c281247f-8e7c-4b39-9069-44c15948539d,c281247f-8e7c-4b39-9069-44c15948539d
121431,40037d46-df0f-40f1-ab43-b35fc645fc16,duplicate,2018-05-16T14:17:14.858Z,159886,58354,2018-05-16T14:17:50.720Z,33,1,5835440037d46-df0f-40f1-ab43-b35fc645fc16,40037d46-df0f-40f1-ab43-b35fc645fc16
121439,c281247f-8e7c-4b39-9069-44c15948539d,duplicate,2018-05-16T14:17:14.858Z,159886,58354,2018-05-16T14:17:50.720Z,33,1,58354c281247f-8e7c-4b39-9069-44c15948539d,c281247f-8e7c-4b39-9069-44c15948539d
121444,40037d46-df0f-40f1-ab43-b35fc645fc16,non-duplicate,2018-05-16T14:14:57.498Z,159878,58354,2018-05-16T14:16:28.934Z,46,1,5835440037d46-df0f-40f1-ab43-b35fc645fc16,40037d46-df0f-40f1-ab43-b35fc645fc16
121452,c281247f-8e7c-4b39-9069-44c15948539d,non-duplicate,2018-05-16T14:14:57.498Z,159878,58354,2018-05-16T14:16:28.934Z,46,1,58354c281247f-8e7c-4b39-9069-44c15948539d,c281247f-8e7c-4b39-9069-44c15948539d
121457,40037d46-df0f-40f1-ab43-b35fc645fc16,duplicate,2018-05-11T18:29:42.160Z,155090,58354,2018-05-11T18:33:51.847Z,23,1,5835440037d46-df0f-40f1-ab43-b35fc645fc16,40037d46-df0f-40f1-ab43-b35fc645fc16
121465,c281247f-8e7c-4b39-9069-44c15948539d,duplicate,2018-05-11T18:29:42.160Z,155090,58354,2018-05-11T18:33:51.847Z,23,1,58354c281247f-8e7c-4b39-9069-44c15948539d,c281247f-8e7c-4b39-9069-44c15948539d
121470,40037d46-df0f-40f1-ab43-b35fc645fc16,non-duplicate,2018-05-11T18:29:47.123Z,155091,58354,2018-05-11T18:33:10.387Z,20,1,5835440037d46-df0f-40f1-ab43-b35fc645fc16,40037d46-df0f-40f1-ab43-b35fc645fc16
121478,c281247f-8e7c-4b39-9069-44c15948539d,unsure,2018-05-11T18:29:47.123Z,155091,58354,2018-05-11T18:33:10.387Z,20,1,58354c281247f-8e7c-4b39-9069-44c15948539d,c281247f-8e7c-4b39-9069-44c15948539d
123504,5a0c8ed6-f591-4f03-8f75-5b0b9e6d414b,non-duplicate,2018-05-15T21:25:17.631Z,159293,58384,2018-05-15T21:25:48.113Z,36,1,583845a0c8ed6-f591-4f03-8f75-5b0b9e6d414b,5a0c8ed6-f591-4f03-8f75-5b0b9e6d414b
123517,5a0c8ed6-f591-4f03-8f75-5b0b9e6d414b,unsure,2018-05-11T19:21:28.261Z,155247,58384,2018-05-11T19:24:45.322Z,25,1,583845a0c8ed6-f591-4f03-8f75-5b0b9e6d414b,5a0c8ed6-f591-4f03-8f75-5b0b9e6d414b
123530,5a0c8ed6-f591-4f03-8f75-5b0b9e6d414b,duplicate,2018-05-11T19:20:55.756Z,155244,58384,2018-05-11T19:24:04.133Z,31,1,583845a0c8ed6-f591-4f03-8f75-5b0b9e6d414b,5a0c8ed6-f591-4f03-8f75-5b0b9e6d414b
123543,5a0c8ed6-f591-4f03-8f75-5b0b9e6d414b,unsure,2018-05-11T19:21:08.044Z,155245,58384,2018-05-11T19:23:04.333Z,17,1,583845a0c8ed6-f591-4f03-8f75-5b0b9e6d414b,5a0c8ed6-f591-4f03-8f75-5b0b9e6d414b
123556,5a0c8ed6-f591-4f03-8f75-5b0b9e6d414b,non-duplicate,2018-05-11T19:21:23.342Z,155246,58384,2018-05-11T19:22:34.923Z,45,1,583845a0c8ed6-f591-4f03-8f75-5b0b9e6d414b,5a0c8ed6-f591-4f03-8f75-5b0b9e6d414b
124271,faf4f9e4-73ff-47a8-bcc6-9204b8a1ec7f,duplicate,2018-05-11T19:45:43.840Z,155306,58395,2018-05-11T20:21:44.803Z,31,1,58395faf4f9e4-73ff-47a8-bcc6-9204b8a1ec7f,faf4f9e4-73ff-47a8-bcc6-9204b8a1ec7f
124284,faf4f9e4-73ff-47a8-bcc6-9204b8a1ec7f,duplicate,2018-05-11T19:44:12.158Z,155303,58395,2018-05-11T19:45:55.143Z,38,1,58395faf4f9e4-73ff-47a8-bcc6-9204b8a1ec7f,faf4f9e4-73ff-47a8-bcc6-9204b8a1ec7f
124297,faf4f9e4-73ff-47a8-bcc6-9204b8a1ec7f,unsure,2018-05-11T19:42:36.220Z,155301,58395,2018-05-11T19:44:46.867Z,21,1,58395faf4f9e4-73ff-47a8-bcc6-9204b8a1ec7f,faf4f9e4-73ff-47a8-bcc6-9204b8a1ec7f
124310,faf4f9e4-73ff-47a8-bcc6-9204b8a1ec7f,non-duplicate,2018-05-11T19:42:29.832Z,155300,58395,2018-05-11T19:46:14.164Z,17,1,58395faf4f9e4-73ff-47a8-bcc6-9204b8a1ec7f,faf4f9e4-73ff-47a8-bcc6-9204b8a1ec7f
124323,faf4f9e4-73ff-47a8-bcc6-9204b8a1ec7f,non-duplicate,2018-05-11T19:42:24.320Z,155298,58395,2018-05-11T19:45:25.452Z,49,1,58395faf4f9e4-73ff-47a8-bcc6-9204b8a1ec7f,faf4f9e4-73ff-47a8-bcc6-9204b8a1ec7f
125584,9246f4bf-8683-4e44-82a3-dd9e59c6dc57,duplicate,2018-05-15T21:29:01.521Z,159306,58414,2018-05-15T21:31:28.406Z,38,1,584149246f4bf-8683-4e44-82a3-dd9e59c6dc57,9246f4bf-8683-4e44-82a3-dd9e59c6dc57
125598,9246f4bf-8683-4e44-82a3-dd9e59c6dc57,unsure,2018-05-11T20:14:43.994Z,155356,58414,2018-05-14T20:31:55.529Z,39,1,584149246f4bf-8683-4e44-82a3-dd9e59c6dc57,9246f4bf-8683-4e44-82a3-dd9e59c6dc57
125612,9246f4bf-8683-4e44-82a3-dd9e59c6dc57,duplicate,2018-05-11T20:29:27.630Z,155393,58414,2018-05-11T20:31:51.926Z,31,1,584149246f4bf-8683-4e44-82a3-dd9e59c6dc57,9246f4bf-8683-4e44-82a3-dd9e59c6dc57
125626,9246f4bf-8683-4e44-82a3-dd9e59c6dc57,non-duplicate,2018-05-11T20:29:48.904Z,155394,58414,2018-05-11T20:30:38.881Z,47,1,584149246f4bf-8683-4e44-82a3-dd9e59c6dc57,9246f4bf-8683-4e44-82a3-dd9e59c6dc57
125640,9246f4bf-8683-4e44-82a3-dd9e59c6dc57,non-duplicate,2018-05-11T20:29:09.869Z,155392,58414,2018-05-11T20:31:13.629Z,29,1,584149246f4bf-8683-4e44-82a3-dd9e59c6dc57,9246f4bf-8683-4e44-82a3-dd9e59c6dc57
128661,48548ed0-079d-4f74-95da-1c6b18048148,unsure,2018-05-11T21:36:05.043Z,155616,58459,2018-05-11T21:42:27.118Z,41,1,5845948548ed0-079d-4f74-95da-1c6b18048148,48548ed0-079d-4f74-95da-1c6b18048148
128675,48548ed0-079d-4f74-95da-1c6b18048148,duplicate,2018-05-11T21:34:44.201Z,155612,58459,2018-05-11T21:38:12.718Z,38,1,5845948548ed0-079d-4f74-95da-1c6b18048148,48548ed0-079d-4f74-95da-1c6b18048148
128689,48548ed0-079d-4f74-95da-1c6b18048148,non-duplicate,2018-05-11T21:31:57.654Z,155605,58459,2018-05-11T21:33:06.055Z,36,1,5845948548ed0-079d-4f74-95da-1c6b18048148,48548ed0-079d-4f74-95da-1c6b18048148
128703,48548ed0-079d-4f74-95da-1c6b18048148,duplicate,2018-05-11T21:31:12.501Z,155604,58459,2018-05-11T21:32:16.810Z,49,1,5845948548ed0-079d-4f74-95da-1c6b18048148,48548ed0-079d-4f74-95da-1c6b18048148
128717,48548ed0-079d-4f74-95da-1c6b18048148,non-duplicate,2018-05-11T21:30:17.649Z,155603,58459,2018-05-11T21:34:01.534Z,47,1,5845948548ed0-079d-4f74-95da-1c6b18048148,48548ed0-079d-4f74-95da-1c6b18048148
132824,6591ae29-4bc5-4d23-a5ab-03a686e74ae6,duplicate,2018-05-14T13:48:26.589Z,155911,58519,2018-05-14T14:46:27.722Z,41,1,585196591ae29-4bc5-4d23-a5ab-03a686e74ae6,6591ae29-4bc5-4d23-a5ab-03a686e74ae6
132838,6591ae29-4bc5-4d23-a5ab-03a686e74ae6,non-duplicate,2018-05-14T13:49:11.373Z,155914,58519,2018-05-14T14:02:55.162Z,22,1,585196591ae29-4bc5-4d23-a5ab-03a686e74ae6,6591ae29-4bc5-4d23-a5ab-03a686e74ae6
132852,6591ae29-4bc5-4d23-a5ab-03a686e74ae6,non-duplicate,2018-05-14T13:48:53.168Z,155913,58519,2018-05-14T13:51:57.999Z,40,1,585196591ae29-4bc5-4d23-a5ab-03a686e74ae6,6591ae29-4bc5-4d23-a5ab-03a686e74ae6
132866,6591ae29-4bc5-4d23-a5ab-03a686e74ae6,unsure,2018-05-14T13:48:23.767Z,155910,58519,2018-05-14T13:50:14.776Z,21,1,585196591ae29-4bc5-4d23-a5ab-03a686e74ae6,6591ae29-4bc5-4d23-a5ab-03a686e74ae6
132880,6591ae29-4bc5-4d23-a5ab-03a686e74ae6,duplicate,2018-05-14T13:48:44.665Z,155912,58519,2018-05-14T13:49:45.405Z,26,1,585196591ae29-4bc5-4d23-a5ab-03a686e74ae6,6591ae29-4bc5-4d23-a5ab-03a686e74ae6
135604,0136c5b0-75ba-47f5-9a6b-b8090a307505,non-duplicate,2018-05-14T14:29:07.078Z,156115,58559,2018-05-14T14:35:55.395Z,33,1,585590136c5b0-75ba-47f5-9a6b-b8090a307505,0136c5b0-75ba-47f5-9a6b-b8090a307505
135618,0136c5b0-75ba-47f5-9a6b-b8090a307505,duplicate,2018-05-14T14:28:56.395Z,156114,58559,2018-05-14T14:31:49.118Z,44,1,585590136c5b0-75ba-47f5-9a6b-b8090a307505,0136c5b0-75ba-47f5-9a6b-b8090a307505
135632,0136c5b0-75ba-47f5-9a6b-b8090a307505,duplicate,2018-05-14T14:29:11.018Z,156117,58559,2018-05-14T14:33:41.372Z,22,1,585590136c5b0-75ba-47f5-9a6b-b8090a307505,0136c5b0-75ba-47f5-9a6b-b8090a307505
135646,0136c5b0-75ba-47f5-9a6b-b8090a307505,non-duplicate,2018-05-14T14:28:36.401Z,156113,58559,2018-05-14T14:29:06.652Z,16,1,585590136c5b0-75ba-47f5-9a6b-b8090a307505,0136c5b0-75ba-47f5-9a6b-b8090a307505
135660,0136c5b0-75ba-47f5-9a6b-b8090a307505,unsure,2018-05-14T14:28:30.360Z,156112,58559,2018-05-14T14:31:28.300Z,25,1,585590136c5b0-75ba-47f5-9a6b-b8090a307505,0136c5b0-75ba-47f5-9a6b-b8090a307505
136303,377a8e93-34af-4152-88fc-5089340133aa,duplicate,2018-05-14T14:36:53.020Z,156164,58569,2018-05-14T18:59:35.114Z,26,1,58569377a8e93-34af-4152-88fc-5089340133aa,377a8e93-34af-4152-88fc-5089340133aa
136317,377a8e93-34af-4152-88fc-5089340133aa,duplicate,2018-05-14T14:37:13.522Z,156166,58569,2018-05-14T14:49:24.324Z,40,1,58569377a8e93-34af-4152-88fc-5089340133aa,377a8e93-34af-4152-88fc-5089340133aa
136331,377a8e93-34af-4152-88fc-5089340133aa,non-duplicate,2018-05-14T14:37:27.009Z,156168,58569,2018-05-14T14:37:55.151Z,44,1,58569377a8e93-34af-4152-88fc-5089340133aa,377a8e93-34af-4152-88fc-5089340133aa
136345,377a8e93-34af-4152-88fc-5089340133aa,unsure,2018-05-14T14:37:20.344Z,156167,58569,2018-05-14T14:38:35.445Z,17,1,58569377a8e93-34af-4152-88fc-5089340133aa,377a8e93-34af-4152-88fc-5089340133aa
136359,377a8e93-34af-4152-88fc-5089340133aa,non-duplicate,2018-05-14T14:36:43.675Z,156163,58569,2018-05-14T14:37:06.021Z,16,1,58569377a8e93-34af-4152-88fc-5089340133aa,377a8e93-34af-4152-88fc-5089340133aa
139039,e8111c53-0bf3-40ac-8a4a-c17578afa021,duplicate,2018-05-14T15:47:03.522Z,156361,58608,2018-05-14T15:50:01.361Z,31,1,58608e8111c53-0bf3-40ac-8a4a-c17578afa021,e8111c53-0bf3-40ac-8a4a-c17578afa021
139053,e8111c53-0bf3-40ac-8a4a-c17578afa021,non-duplicate,2018-05-14T15:46:55.912Z,156360,58608,2018-05-14T15:48:57.740Z,40,1,58608e8111c53-0bf3-40ac-8a4a-c17578afa021,e8111c53-0bf3-40ac-8a4a-c17578afa021
139067,e8111c53-0bf3-40ac-8a4a-c17578afa021,duplicate,2018-05-14T15:46:48.194Z,156359,58608,2018-05-14T15:48:29.141Z,23,1,58608e8111c53-0bf3-40ac-8a4a-c17578afa021,e8111c53-0bf3-40ac-8a4a-c17578afa021
139081,e8111c53-0bf3-40ac-8a4a-c17578afa021,unsure,2018-05-14T15:46:36.101Z,156358,58608,2018-05-14T15:48:01.341Z,29,1,58608e8111c53-0bf3-40ac-8a4a-c17578afa021,e8111c53-0bf3-40ac-8a4a-c17578afa021
139095,e8111c53-0bf3-40ac-8a4a-c17578afa021,non-duplicate,2018-05-14T15:42:21.779Z,156343,58608,2018-05-14T15:42:54.093Z,16,1,58608e8111c53-0bf3-40ac-8a4a-c17578afa021,e8111c53-0bf3-40ac-8a4a-c17578afa021
139656,7e49616e-30ff-45eb-b7eb-c2440c441b29,non-duplicate,2018-05-14T15:56:50.792Z,156403,58617,2018-05-14T15:58:59.890Z,40,1,586177e49616e-30ff-45eb-b7eb-c2440c441b29,7e49616e-30ff-45eb-b7eb-c2440c441b29
139670,7e49616e-30ff-45eb-b7eb-c2440c441b29,unsure,2018-05-14T15:56:34.170Z,156402,58617,2018-05-14T15:58:23.186Z,17,1,586177e49616e-30ff-45eb-b7eb-c2440c441b29,7e49616e-30ff-45eb-b7eb-c2440c441b29
139684,7e49616e-30ff-45eb-b7eb-c2440c441b29,duplicate,2018-05-14T15:57:01.764Z,156405,58617,2018-05-14T15:57:59.228Z,29,1,586177e49616e-30ff-45eb-b7eb-c2440c441b29,7e49616e-30ff-45eb-b7eb-c2440c441b29
139698,7e49616e-30ff-45eb-b7eb-c2440c441b29,unsure,2018-05-14T15:57:19.711Z,156406,58617,2018-05-14T15:58:23.145Z,21,1,586177e49616e-30ff-45eb-b7eb-c2440c441b29,7e49616e-30ff-45eb-b7eb-c2440c441b29
139712,7e49616e-30ff-45eb-b7eb-c2440c441b29,non-duplicate,2018-05-14T15:56:27.207Z,156401,58617,2018-05-14T15:56:49.604Z,16,1,586177e49616e-30ff-45eb-b7eb-c2440c441b29,7e49616e-30ff-45eb-b7eb-c2440c441b29
146494,f63d2f07-4f19-4a8a-8477-a3e9eeff3865,unsure,2018-05-14T20:05:04.074Z,156918,58716,2018-05-15T13:13:40.324Z,17,1,58716f63d2f07-4f19-4a8a-8477-a3e9eeff3865,f63d2f07-4f19-4a8a-8477-a3e9eeff3865
146508,f63d2f07-4f19-4a8a-8477-a3e9eeff3865,duplicate,2018-05-14T20:03:44.277Z,156915,58716,2018-05-14T20:06:49.578Z,36,1,58716f63d2f07-4f19-4a8a-8477-a3e9eeff3865,f63d2f07-4f19-4a8a-8477-a3e9eeff3865
146522,f63d2f07-4f19-4a8a-8477-a3e9eeff3865,non-duplicate,2018-05-14T20:02:42.590Z,156912,58716,2018-05-14T20:03:40.314Z,29,1,58716f63d2f07-4f19-4a8a-8477-a3e9eeff3865,f63d2f07-4f19-4a8a-8477-a3e9eeff3865
146536,f63d2f07-4f19-4a8a-8477-a3e9eeff3865,non-duplicate,2018-05-14T19:59:52.201Z,156906,58716,2018-05-14T20:01:20.851Z,40,1,58716f63d2f07-4f19-4a8a-8477-a3e9eeff3865,f63d2f07-4f19-4a8a-8477-a3e9eeff3865
146550,f63d2f07-4f19-4a8a-8477-a3e9eeff3865,duplicate,2018-05-14T19:58:55.502Z,156904,58716,2018-05-14T20:00:31.330Z,49,1,58716f63d2f07-4f19-4a8a-8477-a3e9eeff3865,f63d2f07-4f19-4a8a-8477-a3e9eeff3865
146765,4138bbbe-bb78-470f-b04a-a141adccecaa,duplicate,2018-05-16T13:03:04.491Z,159420,58720,2018-05-16T13:05:18.696Z,44,1,587204138bbbe-bb78-470f-b04a-a141adccecaa,4138bbbe-bb78-470f-b04a-a141adccecaa
146779,4138bbbe-bb78-470f-b04a-a141adccecaa,unsure,2018-05-14T20:07:36.690Z,156926,58720,2018-05-15T20:53:57.461Z,29,1,587204138bbbe-bb78-470f-b04a-a141adccecaa,4138bbbe-bb78-470f-b04a-a141adccecaa
146793,4138bbbe-bb78-470f-b04a-a141adccecaa,duplicate,2018-05-14T20:14:56.662Z,156940,58720,2018-05-14T20:18:53.960Z,58,1,587204138bbbe-bb78-470f-b04a-a141adccecaa,4138bbbe-bb78-470f-b04a-a141adccecaa
146807,4138bbbe-bb78-470f-b04a-a141adccecaa,non-duplicate,2018-05-14T20:09:04.698Z,156929,58720,2018-05-14T20:14:24.332Z,40,1,587204138bbbe-bb78-470f-b04a-a141adccecaa,4138bbbe-bb78-470f-b04a-a141adccecaa
146821,4138bbbe-bb78-470f-b04a-a141adccecaa,non-duplicate,2018-05-14T20:02:17.303Z,156911,58720,2018-05-14T20:03:12.699Z,49,1,587204138bbbe-bb78-470f-b04a-a141adccecaa,4138bbbe-bb78-470f-b04a-a141adccecaa
148441,1ca7642f-2494-475d-868e-98f4e830e223,non-duplicate,2018-05-14T20:40:50.329Z,157063,58744,2018-05-14T20:56:39.680Z,30,1,587441ca7642f-2494-475d-868e-98f4e830e223,1ca7642f-2494-475d-868e-98f4e830e223
148455,1ca7642f-2494-475d-868e-98f4e830e223,duplicate,2018-05-14T20:41:04.403Z,157064,58744,2018-05-14T20:42:21.107Z,31,1,587441ca7642f-2494-475d-868e-98f4e830e223,1ca7642f-2494-475d-868e-98f4e830e223
148469,1ca7642f-2494-475d-868e-98f4e830e223,unsure,2018-05-14T20:41:48.872Z,157066,58744,2018-05-14T20:44:05.059Z,21,1,587441ca7642f-2494-475d-868e-98f4e830e223,1ca7642f-2494-475d-868e-98f4e830e223
148483,1ca7642f-2494-475d-868e-98f4e830e223,unsure,2018-05-14T20:40:13.466Z,157060,58744,2018-05-14T20:43:48.278Z,36,1,587441ca7642f-2494-475d-868e-98f4e830e223,1ca7642f-2494-475d-868e-98f4e830e223
148497,1ca7642f-2494-475d-868e-98f4e830e223,duplicate,2018-05-14T20:20:30.455Z,156964,58744,2018-05-14T20:21:08.332Z,49,1,587441ca7642f-2494-475d-868e-98f4e830e223,1ca7642f-2494-475d-868e-98f4e830e223
153513,181df763-4c04-4def-b65a-70d2ecebdf47,unsure,2018-05-15T13:28:51.935Z,157410,58817,2018-05-15T13:38:52.101Z,17,1,58817181df763-4c04-4def-b65a-70d2ecebdf47,181df763-4c04-4def-b65a-70d2ecebdf47
153526,181df763-4c04-4def-b65a-70d2ecebdf47,duplicate,2018-05-15T13:28:49.445Z,157409,58817,2018-05-15T13:32:48.907Z,58,1,58817181df763-4c04-4def-b65a-70d2ecebdf47,181df763-4c04-4def-b65a-70d2ecebdf47
153539,181df763-4c04-4def-b65a-70d2ecebdf47,non-duplicate,2018-05-15T13:30:55.993Z,157413,58817,2018-05-15T13:33:37.020Z,16,1,58817181df763-4c04-4def-b65a-70d2ecebdf47,181df763-4c04-4def-b65a-70d2ecebdf47
153552,181df763-4c04-4def-b65a-70d2ecebdf47,non-duplicate,2018-05-15T13:29:34.496Z,157412,58817,2018-05-15T13:31:18.528Z,37,1,58817181df763-4c04-4def-b65a-70d2ecebdf47,181df763-4c04-4def-b65a-70d2ecebdf47
153565,181df763-4c04-4def-b65a-70d2ecebdf47,duplicate,2018-05-15T13:29:28.989Z,157411,58817,2018-05-15T13:32:06.520Z,29,1,58817181df763-4c04-4def-b65a-70d2ecebdf47,181df763-4c04-4def-b65a-70d2ecebdf47
155762,277bde46-bd9e-44df-934a-8c091a152af9,non-duplicate,2018-05-15T14:07:54.959Z,157571,58850,2018-05-15T16:26:56.006Z,39,1,58850277bde46-bd9e-44df-934a-8c091a152af9,277bde46-bd9e-44df-934a-8c091a152af9
155776,277bde46-bd9e-44df-934a-8c091a152af9,duplicate,2018-05-15T14:07:04.338Z,157568,58850,2018-05-15T16:18:45.801Z,47,1,58850277bde46-bd9e-44df-934a-8c091a152af9,277bde46-bd9e-44df-934a-8c091a152af9
155790,277bde46-bd9e-44df-934a-8c091a152af9,non-duplicate,2018-05-15T14:08:19.385Z,157572,58850,2018-05-15T14:12:20.517Z,44,1,58850277bde46-bd9e-44df-934a-8c091a152af9,277bde46-bd9e-44df-934a-8c091a152af9
155804,277bde46-bd9e-44df-934a-8c091a152af9,unsure,2018-05-15T14:08:30.743Z,157573,58850,2018-05-15T14:10:29.904Z,37,1,58850277bde46-bd9e-44df-934a-8c091a152af9,277bde46-bd9e-44df-934a-8c091a152af9
155818,277bde46-bd9e-44df-934a-8c091a152af9,duplicate,2018-05-15T14:08:47.438Z,157574,58850,2018-05-15T14:09:33.633Z,30,1,58850277bde46-bd9e-44df-934a-8c091a152af9,277bde46-bd9e-44df-934a-8c091a152af9
164866,aa4e0cae-1ff1-4e6d-8609-e29032093ea3,non-duplicate,2018-05-15T17:55:55.041Z,158233,58980,2018-05-15T18:05:07.845Z,33,1,58980aa4e0cae-1ff1-4e6d-8609-e29032093ea3,aa4e0cae-1ff1-4e6d-8609-e29032093ea3
164880,aa4e0cae-1ff1-4e6d-8609-e29032093ea3,non-duplicate,2018-05-15T17:51:34.949Z,158219,58980,2018-05-15T17:58:06.869Z,49,1,58980aa4e0cae-1ff1-4e6d-8609-e29032093ea3,aa4e0cae-1ff1-4e6d-8609-e29032093ea3
164894,aa4e0cae-1ff1-4e6d-8609-e29032093ea3,duplicate,2018-05-15T17:54:14.773Z,158229,58980,2018-05-15T17:57:20.810Z,25,1,58980aa4e0cae-1ff1-4e6d-8609-e29032093ea3,aa4e0cae-1ff1-4e6d-8609-e29032093ea3
164908,aa4e0cae-1ff1-4e6d-8609-e29032093ea3,duplicate,2018-05-15T17:54:40.699Z,158230,58980,2018-05-15T17:55:40.915Z,58,1,58980aa4e0cae-1ff1-4e6d-8609-e29032093ea3,aa4e0cae-1ff1-4e6d-8609-e29032093ea3
164922,aa4e0cae-1ff1-4e6d-8609-e29032093ea3,unsure,2018-05-15T17:54:11.563Z,158228,58980,2018-05-15T17:59:10.247Z,40,1,58980aa4e0cae-1ff1-4e6d-8609-e29032093ea3,aa4e0cae-1ff1-4e6d-8609-e29032093ea3
167245,9621f971-8327-474f-ab20-b7fbb936f465,non-duplicate,2018-05-16T13:16:24.846Z,159524,59014,2018-05-16T13:19:28.026Z,20,1,590149621f971-8327-474f-ab20-b7fbb936f465,9621f971-8327-474f-ab20-b7fbb936f465
167258,9621f971-8327-474f-ab20-b7fbb936f465,unsure,2018-05-15T18:24:44.006Z,158403,59014,2018-05-15T19:09:29.143Z,17,1,590149621f971-8327-474f-ab20-b7fbb936f465,9621f971-8327-474f-ab20-b7fbb936f465
167271,9621f971-8327-474f-ab20-b7fbb936f465,duplicate,2018-05-15T18:24:41.486Z,158402,59014,2018-05-15T18:37:51.520Z,47,1,590149621f971-8327-474f-ab20-b7fbb936f465,9621f971-8327-474f-ab20-b7fbb936f465
167284,9621f971-8327-474f-ab20-b7fbb936f465,non-duplicate,2018-05-15T18:24:40.983Z,158401,59014,2018-05-15T18:31:04.793Z,25,1,590149621f971-8327-474f-ab20-b7fbb936f465,9621f971-8327-474f-ab20-b7fbb936f465
167297,9621f971-8327-474f-ab20-b7fbb936f465,duplicate,2018-05-15T18:23:36.176Z,158396,59014,2018-05-15T18:24:50.204Z,49,1,590149621f971-8327-474f-ab20-b7fbb936f465,9621f971-8327-474f-ab20-b7fbb936f465
168473,919b9f36-985d-4465-be74-dfa2a2fd6573,non-duplicate,2018-05-15T18:41:40.853Z,158545,59032,2018-05-15T19:26:12.346Z,36,1,59032919b9f36-985d-4465-be74-dfa2a2fd6573,919b9f36-985d-4465-be74-dfa2a2fd6573
168487,919b9f36-985d-4465-be74-dfa2a2fd6573,duplicate,2018-05-15T18:41:48.165Z,158547,59032,2018-05-15T18:46:04.819Z,21,1,59032919b9f36-985d-4465-be74-dfa2a2fd6573,919b9f36-985d-4465-be74-dfa2a2fd6573
168501,919b9f36-985d-4465-be74-dfa2a2fd6573,unsure,2018-05-15T18:41:12.426Z,158543,59032,2018-05-15T18:44:11.329Z,43,1,59032919b9f36-985d-4465-be74-dfa2a2fd6573,919b9f36-985d-4465-be74-dfa2a2fd6573
168515,919b9f36-985d-4465-be74-dfa2a2fd6573,duplicate,2018-05-15T18:41:40.980Z,158546,59032,2018-05-15T18:43:54.507Z,47,1,59032919b9f36-985d-4465-be74-dfa2a2fd6573,919b9f36-985d-4465-be74-dfa2a2fd6573
168529,919b9f36-985d-4465-be74-dfa2a2fd6573,non-duplicate,2018-05-15T18:37:17.922Z,158486,59032,2018-05-15T18:37:57.587Z,46,1,59032919b9f36-985d-4465-be74-dfa2a2fd6573,919b9f36-985d-4465-be74-dfa2a2fd6573
