,Date
0,0008d451-8576-4584-a2d4-71cc0a597a72
1,00bd3679-f587-48c1-bca2-b0d2a091b188
2,00c4f986-de47-46fd-a56f-c4025cef796e
3,00ca5008-13e3-453d-9476-aef85e9a5759
4,00dd1285-e696-430d-8e3c-73e50d90b1a1
5,014a2397-3143-48ec-82a6-8bfbcaa28db2
6,014e1541-4350-478b-9cc2-3b12cd1d34ea
7,015613f4-6bd6-4f92-9bcd-34eef145e6ca
8,0179bacf-2d25-4ffd-9439-6d50fadac3c7
9,017ec7c4-b393-498f-885b-d38f5c83b4d4
10,031f37eb-3ce4-40b5-b9d1-b0594a18dd25
11,0374a432-ebef-4493-94e4-47c436543d49
12,0381442f-2f49-4c75-a25a-f9935d813532
13,03bb6039-7663-4a51-9c71-fa10dc71f774
14,03de661b-4d19-49e0-badd-7b11d93de951
15,04cf6a14-a915-46b7-ad6c-f09b8987dab5
16,04d067cf-924a-4b85-b78c-891b453496b3
17,0511880c-bb6c-4217-9cf1-24a5f4531e2e
18,0555d40f-6f8e-46c1-8cff-6c190006b9fe
19,0612eea3-5760-4763-abab-120c3aa343f0
20,06818b26-7825-47c5-b57d-bd6ba572acad
21,06839c4b-ad0a-4df9-a51d-4c3672acb176
22,07980786-b313-447d-aa39-58a6567e5e7b
23,07b78af0-a9c3-4599-b238-2066f9c3da7b
24,082ea4b1-6f78-4700-9341-681f91d657f2
25,08a819fe-b75f-4a34-bd07-ccd3361813c0
26,08e14721-6aa1-41d2-8415-887e38ee57cf
27,092e22e2-47d2-4c14-bab2-c8cf670cdfb1
28,094e5a4a-4ce1-44a4-92f9-8290448490d6
29,094ebeca-99b6-401e-b650-7432b37c6f72
30,0953d186-122e-4097-9244-1b76f0bbe743
31,0962855e-4b02-42ee-a045-4eda90612f9b
32,0a44f51b-0e65-4e15-9844-448af3d3b609
33,0a82a6ec-f3eb-4a9f-974c-037f5617a785
34,0ac1d719-67a9-4105-8f63-aa719b20dc37
35,0b10f25c-0c0e-45f8-87b6-e0cfe4896743
36,0bc8205a-5d41-46bf-954b-ad7a52edb4cb
37,0bd08240-27a9-4d21-a8e8-dd5dc8995ea4
38,0c5208d8-52f3-4b07-98ac-cce47c6cc368
39,0cd2e702-0d55-4e8f-aa6c-03be7ee5a791
40,0d5810ca-caa5-4c52-be35-be58b76138e9
41,0d915308-b164-4f47-bf65-5152d642f96c
42,0d95cab2-a1b5-403e-a8e8-673b92610e14
43,0dbcd191-9d2c-4e46-87f7-9d790e6a0300
44,0dc96181-d9e5-40f8-868e-a94bff2b3660
45,0e5e751c-8941-4f3e-99ac-1b4130c322cc
46,0e8a79d2-e386-4365-b434-f1a6c669858f
47,0fcac37a-01e6-49f1-b2f2-449ab8f26394
48,102a65cd-3208-41cf-8d40-4d8a4e53f172
49,1031c8e9-432e-48a9-8e27-b077c0dda7e3
50,1056a83d-c864-47d5-b76d-dcafafc0e0ed
51,116c9cbb-8885-4244-9139-f2ec4c17e794
52,12217ba8-f7fa-4b9c-b598-2760d9d9db58
53,123e61bc-6553-4d84-8654-8228027596f2
54,12460a79-5177-45f4-97a9-dfda735d545a
55,126f1e38-0f37-48a7-b0cd-57e1f9a1295d
56,12735c00-5891-4304-b786-8529c5b69d38
57,12ae1d2f-0176-4144-8266-50616faa8443
58,132fcc4d-5e17-4888-9ac5-99f4ea80b5ad
59,138c943a-eb12-45b6-b478-044c20c871ef
60,13b77b17-9d01-449b-9a3f-96761f3353d5
61,13f1639b-e4de-4332-adc4-5da451afc339
62,140479df-1a6d-4ed1-a18f-1b981aac78bc
63,1428d2c2-2fae-4e30-986b-dd5de8bd7acc
64,149dd4e7-a998-4195-b2ac-d51b7c6a1473
65,151b9f06-c018-40c9-b123-d92a0290aaca
66,15a93a69-d4ab-4793-945a-26f05f93d4c4
67,16043037-15e9-4f24-86dd-f4b2868be4da
68,16191140-5440-43c4-9a37-3bfcd8a2aaeb
69,162ad971-2be1-47f7-a5b0-fe5948bf5fda
70,16cf4aa9-e9f6-4f7d-8db4-2c29d4b31758
71,16e4b972-3f6f-469c-bab9-b6b064bbf2ef
72,17115d3f-3624-4831-bbeb-a07f1c1263c7
73,171aef21-6825-468f-b85b-1f9427fe0e1f
74,173a45d2-fca8-4fdf-99d3-439ccfa6abc7
75,1743ac1e-e231-48d9-816f-e0d4e3442e23
76,17b8c2e6-df7a-44c8-b9a7-09904c486b76
77,17bf39e2-0444-4064-9fae-3d70cdc97231
78,181e1e24-60ee-49f8-9a97-9b05f7350629
79,19856802-6b83-44b4-a7a0-064ce672ada6
80,19dfff79-bca9-4191-8a20-ef78c476ba58
81,19e30f08-a501-42f0-bf13-254ea34b7a2c
82,1a0d29e6-c525-466f-bcba-590aa06fa13e
83,1a3157aa-ed03-4a87-a680-e5c7fcf0e288
84,1b00f668-fbf0-4191-8275-8dbd6de81f59
85,1b041ca7-11a3-4ff2-ab86-52191b5e343a
86,1b31f3d3-4a6c-4207-8830-711add319d65
87,1b807f3e-96d9-444b-886b-3fb391da8f54
88,1b98dd25-2954-423a-ab8e-74cbae99841b
89,1bd4becf-d6fa-4a75-b371-8174984f33bd
90,1bfd69c8-c445-4f61-8a5e-a7b3bc6369c5
91,1c6da159-bd5b-43ec-bd14-aed80e675c54
92,1d5aae1b-beff-400e-9d29-1383415837c7
93,1d78a1fb-442a-452a-8e8b-f1c0c1f6278d
94,1e16e6c8-a510-47a9-aea2-7282b1fabda6
95,1e699613-fef1-4993-b549-9a277699a555
96,1ece6972-ac33-4f84-8199-82963d9c16e5
97,1f7ee8b5-201a-4e3f-a203-b378f339de1d
98,1f9cd942-3fef-46f8-bfd8-00f3f8f187c8
99,204c897d-0608-4861-845f-36a91a487fc9
100,20b45ff8-0ed9-488b-8004-c25a50aea686
101,20ea7000-dba9-47ad-87e6-1768b9132482
102,20f12e99-7e0c-48ad-a9eb-ba9c996399ba
103,21559f54-c639-4e8c-8950-553a25e5b1a9
104,223f38af-687d-4275-943e-b6becd8e989b
105,226e6ada-a6c1-4037-a6a3-8d06c67b6fc8
106,22a189ab-d343-4243-9378-283ba04ed82b
107,22d63bd0-ccb4-441b-8081-d80428956138
108,23542fe1-2e32-4280-8937-068d4039ba8d
109,23efa7a6-8a97-46ea-bab0-bd8dfff42b2a
110,24a3a9a2-6149-415c-86eb-96a8706c3e5d
111,24c8f208-87f9-4295-9dcb-7a017fe1234e
112,25509919-ea81-4f5a-b1c1-1d8f25f7e391
113,25834f46-8ab0-4d17-bc29-999e745e6339
114,25bfc6f3-1b42-40f3-8bb4-88aed77ae800
115,2614ca8b-be57-42a0-a23e-0e36f4eb442d
116,262b511a-f6d6-4ca0-8ea0-828645359b15
117,26e0b1a0-9c90-43c1-ae07-ed79dabbd724
118,27502191-0d05-4162-a9ad-86eae60e2740
119,27edae73-d4b5-4a39-8f1b-cd888a6562e5
120,28539dc1-6417-47d4-82de-451d134639d4
121,285cefe6-4648-4678-ba18-713831b3b57a
122,29aab5a2-b641-4c78-884c-4e8aff253ae2
123,2a4a6472-ad8b-4ed0-a9f6-a8a95947a615
124,2a7da386-edb5-499e-bb2a-407ff9af4989
125,2b105606-1edf-41ce-a6ca-066e7699e1c8
126,2b4950f2-7c93-424d-902b-a241f56c8897
127,2c41d594-daf3-43ad-b4eb-22bcbfecd90f
128,2cbc64f4-4afa-4d93-9541-8293bb38a55f
129,2ce218e3-b90d-4305-9e19-0e613bce2190
130,2cf197f7-66d2-4e50-9194-77285881e1ff
131,2d718bf0-6035-4b2b-b792-46885dba0619
132,2d7ff215-3700-4c4a-bf8c-e210619400fe
133,2d872505-ccca-4311-b99a-28bed88d0607
134,2da987b7-5d08-4f27-ad5d-91469cf9c38d
135,2e005f31-3ea7-451e-bf62-38d7178ee1e1
136,2e077a3d-feda-4393-bd8d-d75ded1795d0
137,2e284c39-b438-40ac-9f22-0245f3bbf6c8
138,2e30b914-89ca-4ba4-9863-99fdabdb7cba
139,2e4f2b3b-f3f7-454f-bda8-8c26b65b2f02
140,2e559640-839a-4096-840a-812dfea4c1bf
141,2ece1771-50ee-4841-ac14-cc06bcf2a82d
142,2f43e24c-7ac4-483f-a33e-400f10eb4ab7
143,2f6f4851-56f7-47ef-8732-b0fa0d376407
144,2faf3e3c-346d-4b97-959c-5e10b01c55ef
145,3005015b-f682-4f3b-87c8-1293e68790d9
146,305e324d-f684-427d-a09c-a25f991747d6
147,30d8b413-f53e-4c75-ae8e-939216679943
148,316b59cf-5047-434d-9e94-e66e82c0e053
149,319b6891-3098-41d2-a694-80ae3c952ba2
150,31f45ea6-7d68-413d-a47b-463090bb08a0
151,330428b1-e99d-45b1-9665-c78a25d1644b
152,332fd993-588b-4761-ad64-eb6d33673b5d
153,333ffd2b-b595-47ee-b651-644af8031bfc
154,335cb4d6-01e5-420d-9f23-95fa84696171
155,337534c6-edbf-4f35-8093-c6c2f2af5a23
156,359bc522-ee24-402c-8140-0925a9cbddac
157,3662a98c-e434-4e0f-a117-aea64ea51836
158,36c3efb4-887c-4762-8dcb-18732b56b4c4
159,37178858-1c0f-436e-afa1-20c961cd0913
160,37e02a54-ba89-4d7d-9354-0b5d9064df97
161,37f35cc0-2022-4bd4-b4f6-d373f4e723c4
162,389df0ab-fb05-4368-a384-179b3f8e4e43
163,393bb2f8-478f-4f07-a813-8a179db02ab3
164,395211b4-9fc2-4fd5-9acd-f56c15c7ade5
165,399515de-1def-4d62-ac46-9ae240d5440d
166,399a85cb-6960-4cdb-aea9-50481bd01169
167,39e2fa01-1654-4325-8dc8-545b43784e5b
168,3a6f122a-d50c-48d7-8b64-30e00fb3afc0
169,3b05829f-edb1-48c5-9384-29ba5c30defd
170,3b168476-0194-48fc-9cbf-f5c9e8b5f69f
171,3b61ea26-2641-44c7-9074-183bd9f870ca
172,3c8190cf-9e65-4623-a075-1eb3966bf100
173,3c8c0b2d-21d9-4773-ba9b-65174c356f7b
174,3cd302f0-4a06-438d-9238-0e7b071711eb
175,40b03962-69e4-4380-af02-4818a6fa6677
176,417cfe16-9624-4044-b5ab-ce7b3bcdbf0b
177,417e633c-753a-42b8-b78f-ba158f7abe78
178,4195b280-85a6-4045-a9b3-4596481b50d8
179,420b0d5a-41db-493c-81e0-994b860fc038
180,420b12f9-4021-436e-8d8f-5de4c9a7791f
181,421cbbf1-f8e8-4a96-ad9b-786896c666f2
182,4243a6dd-2c4f-4337-9606-3497c4ab42ac
183,42bbe969-c6a5-443d-9f6f-560074af1c5d
184,4356f86f-d022-4cf4-a0ad-2f686d6a88e7
185,443fadff-2f07-464d-a5fc-95b6e3cd26dd
186,44690ce8-09e6-4b93-974e-06ba65915fc4
187,44b0a7f8-3b97-4b4c-a906-cfe9e1dfee3f
188,45c45f50-f2c2-4788-aa30-2ea2ccdcd302
189,46058619-4009-433d-bc9e-010562e0a90c
190,46d35596-1b8e-499a-9212-10209ad51bba
191,46ebe6d0-9c5d-47ba-8c38-cb7a94dc8ab1
192,48382a3e-3f42-4c5b-b09a-1458d7e2b6e2
193,4863bc3e-6095-47f4-ad37-0dc4e291aa69
194,486a6fa4-c2f4-498e-86c2-7df805815b7c
195,48a4b42b-6a5d-4682-81c0-c8a73db80686
196,48b3c6a5-6d26-4869-8b9b-5c73c2f76231
197,48f8b5f4-1957-4501-b78d-e2917544622f
198,492d0ff4-2567-4a0a-9dd2-b70d099732e5
199,493e9e99-5ab5-4c8c-bafc-97765c45f25c
200,4941fc0f-ff05-4745-a8c4-9dc2857a9d46
201,49c5d569-f70d-4559-9530-ab352ddb24f3
202,4a3f9803-ae1d-4acc-87f1-de936079f507
203,4a467f4f-6f45-448f-a2ca-d66f4a1674d1
204,4a5df46c-ea3f-46ec-ba8d-f834b64d1d64
205,4b7ba4f5-b834-42cf-8a7c-6abcad01d2a9
206,4c998168-47cb-484b-8c32-f4aecd9b4b7a
207,4cb06f23-a0b7-4e30-a118-d2414cb2cb04
208,4ccad9e5-46d2-4844-ac34-1baeff7c8f26
209,4cf31931-9bdc-42a9-bb62-bec9d9db399e
210,4d14dec0-1c23-4f5a-a632-cb2f394400e8
211,4d15903e-1833-4bef-85ca-5163a059f5f7
212,4d18e524-f75d-437d-9648-9855ef03f7c8
213,4da63462-ce93-4ac4-ac4d-32d1a94ca53c
214,4e8b5b14-1ff6-40c0-af64-f0664859983d
215,4f9c24ce-61a2-4728-8fc1-8421b8bdd0a2
216,4fc81326-b7e4-4913-9113-4c17380b4ffd
217,522f0c66-9e46-4b5b-ab34-b0ca903eedc4
218,5286ab55-3f69-4705-ab75-aa3b62d1b070
219,52ce7fd3-ad6e-4da3-9df7-692ed4da7b25
220,52e29d2b-e1fd-4b70-be3d-287778376700
221,53209bb1-15f9-4cf0-8d3b-729206ea89da
222,535187d1-bdee-4801-befe-1eb830034e71
223,537f883d-c95d-4649-800a-2d47e5f31035
224,54f3eec1-1221-43e3-b2b4-bceaf8baa4b4
225,55c7dc2b-9f42-4668-b458-74c1821957ce
226,56a37bcd-cb9e-4448-853c-53b7c2659f03
227,56d1268a-6da7-43f8-adc6-829782418dfa
228,5743d128-b9bc-4603-8c92-974b13a76948
229,577db424-da36-4c2a-8cc9-6296ec59bd5f
230,57da29d0-483d-4738-94e1-b357ac76a6e2
231,58167a86-8a41-45d5-b7da-4a3303d19f99
232,581e813d-9f0a-4337-b530-976da2761639
233,593533ae-5516-4751-b568-534ef2af2072
234,59389afd-d28b-4db5-be48-8f9d287f2bc4
235,5a155495-2435-4eaa-b092-20555bc42c45
236,5a8cba9d-0a70-4204-b9e2-711b424c7ed5
237,5aa0a773-c089-46bf-90a1-195587d15d2f
238,5b3e4ec1-3628-4330-9639-2378c630bc95
239,5b44750b-d66b-4a1a-86b9-648680b07923
240,5c383f4a-dc51-43c7-877f-cfae59c15a57
241,5caf5b6b-0da1-4866-a7d9-c6e99dba353a
242,5d829903-802e-4fed-9220-05a8080f7194
243,5dade204-3cc1-441c-b77a-6e34e7bfde0b
244,5e45e76b-a5d6-468f-b5b7-d24073050922
245,607a5db4-0342-4ee3-a728-2ca5f01311a0
246,61b0680f-fcc8-435e-89ca-4f5ff0e6be91
247,61dabc13-0a48-4354-973c-0fbf9507b097
248,6228e035-b28a-45e0-a027-84d20df3cc59
249,623e8caf-8311-4992-bece-b33dd13ff10a
250,6243e944-e442-4e8d-80df-69b5feae943c
251,62a9b2fc-fcbf-4867-8808-96463c0d9807
252,6302b54f-a52a-49f3-ae1b-429040efd2d5
253,63335c39-b1ea-442b-93ff-ed1bcf389bcf
254,63f4cda5-e3b5-4043-a8d5-fe89a5ff0c19
255,64780e81-2763-4906-a2dd-8d50e3a4acf4
256,65d6d414-e737-4758-b0e6-417cd3330d55
257,66751237-7cd2-431c-af97-d495234a6208
258,686d0c4e-bcac-40f7-a836-c62f72f2614e
259,6923be10-6304-40a1-812a-9f948b2238e3
260,6927f62b-b6d6-4e33-bfad-c637039cce49
261,698e1715-e74a-401d-9650-306ac8c6f735
262,6993db48-b0f4-4337-95af-393e76e1895c
263,69c1cad9-ab68-4ff7-b6a8-94575c657e21
264,6b54a9a7-8f8c-4035-8f59-801501595756
265,6bd636e7-e2f1-49bc-8fc4-6bd442df0830
266,6ce9ae5a-8121-4956-ab46-7f313abb27db
267,6d5b79b3-dcf7-44b3-82e7-bfdefe5cfffb
268,6db062f4-b50c-41e0-8811-d599107844fc
269,6db3785c-6acf-4247-82cf-2c65bf17d368
270,6dd8f273-4ed3-4b9e-8b76-598e0ae726ed
271,6dfb2cde-0cd3-4a2f-a8cd-cbfbf22d198f
272,6e53ea62-a419-4d8e-af2c-681ca66893ac
273,6e55dbd4-8578-4d7c-905c-1f1bfc857450
274,6f06227d-552a-4c50-a90e-c441653436e0
275,6fda54f3-85b6-4671-9a23-6a99b60a633a
276,726c95a4-85a5-4712-bedc-b1a4ebccf45b
277,728d0cc0-1e18-012f-0643-0030487f54d8
278,731aa86d-4b88-4ed8-a6e0-88f24bc13640
279,7366f1de-6f17-4483-8909-5c84d8d26ceb
280,7399baa3-f483-420f-aaf2-2354d2b87e5d
281,73e27397-3d03-482e-94ae-9bf86c29bcce
282,73e88d35-7e60-4ebb-935c-0e06807f42be
283,74840c77-1ba6-4c24-b1b8-ec1672d07cda
284,75e9e663-549b-41c4-a0bf-c677b97066a6
285,75f603b5-287a-4947-8fe1-8560208b8f80
286,7644bd00-7a83-468e-93ab-4749c6271a6e
287,76948fc7-f10a-46fc-b201-82001063d3be
288,776767fb-b143-4750-99d7-d8ef52626fd4
289,780b80c3-0d8b-42af-899a-8bd012c51116
290,78906338-6aad-4f38-8735-d59f821249af
291,79d75124-fb4f-428d-934b-4ddcc81f44eb
292,7a8f0736-9358-47d0-84fe-c2954a1d8163
293,7b61f8fd-b29b-4570-896d-b0109d75905a
294,7b99cab8-970c-4c4f-806e-46a2efbcb69e
295,7d3232be-d1d8-4ebe-a7f6-2b18c3c9af21
296,7e149090-1e18-012f-0643-0030487f54d8
297,80e39252-2830-44e4-a1ff-e9d7efb9f377
298,81151bd7-bf28-4ccc-b719-849d5ef7ff7f
299,8127e8ee-cfd6-4fae-b47b-36681420bcf6
300,81b6ec97-688e-4bf1-a8a6-ec0e02669df6
301,82df7ba4-8b77-4dcd-ae6b-b3b07af1c415
302,8351fdba-c841-4886-b545-62dff3fdd19f
303,83fd0b74-16b0-4108-a64b-e58144cff455
304,848b7425-18cc-403c-a8c1-11cb6cc0d998
305,84f53930-219e-48be-9e3e-4987b94f9bda
306,84f90469-a75a-4fcf-9ccd-1f43966f5cd7
307,85463b10-ec9e-48cb-be0e-3c08f1ad3eb8
308,8547d07a-67f0-4096-bbaa-a866c813e5d8
309,859ad48d-566a-4175-9335-3262191ce9a1
310,862bc6ca-178e-413f-9541-db65737df947
311,863a4dea-08d6-4861-a54e-95b546621b34
312,868c845e-79ce-42dc-b3fa-cfd4b7052650
313,86a12719-2d2c-4682-baa1-2fd56d443a10
314,88a89e02-d708-485c-b5cd-9c983d277321
315,89580f7a-eda7-4c83-8c4c-770a58791c49
316,8bb70a54-9b03-4a63-b581-0b7db5aedff6
317,8d1806ea-7e87-4f89-89dd-c2f266089711
318,8d3eaaa9-7125-4a9d-8916-90211291d330
319,8d40c3c0-b46e-43e1-8f44-f71dca0f177b
320,8db331da-93a5-495e-bb48-fe23ae2f0522
321,8e3bbc6d-4d52-4f91-9cd4-182fb3f4a5a3
322,8e4e40d1-4015-440c-8c3c-2aafd7f86251
323,8e55c9f4-f8e2-4616-8676-8e640f67f718
324,8e732f62-c68f-4a24-8750-26b9160d38b4
325,8f1ee8d3-34d1-4a76-8411-32c8b3973089
326,90b55235-9c36-4e16-bc21-fea22f03e68b
327,913fc070-5fec-4837-93f7-34884f7f952f
328,91ed246f-e945-4649-9ce3-0bccc1e77d0f
329,92325b57-1b97-483b-b4d3-f25b789d2156
330,92b98c1a-7428-451e-8a67-0af897e4ea39
331,92c0732e-9747-434a-a155-a15ae91412a9
332,92c9dc71-27a1-4b97-ad89-74a17515ae5e
333,937cdeb2-47f7-478f-9116-3128b495e529
334,947693ca-034e-4d3c-a9a1-aac889c4eb75
335,958d110d-dc07-4ab1-b23b-4fc9aa74d386
336,9599a718-8302-4adf-be33-29a37adac4d7
337,96a71e7b-76b0-468a-be66-a66fdff42c6f
338,978002a0-32c4-453a-8c03-9d4aeafde42b
339,9799b780-3c29-4253-a445-751d9cb5fa00
340,9899b893-e7a9-4f4c-b94b-7d29b94c5cb3
341,99e3542b-c1d8-472c-9d3d-fa12b79ebfca
342,9a89631b-f7fc-4221-9c1c-eecd3a54e193
343,9b9769a9-a93f-4fce-b2c6-ff5e6e97f8ab
344,9ba7113a-f942-4bfd-a65f-fc6162449098
345,9d7ef49a-07c2-4e86-aa15-bd1103dc05d6
346,9df3b245-d9b5-4237-a409-f73425732fe4
347,9e31a5c2-8451-4840-96c3-63c6570ce4c7
348,9ed48f53-21ae-4278-9157-86dd6c0ff4f5
349,9ef89fdf-f74e-4e15-82c9-1a313ca0b6ad
350,a09f5d55-69ac-4dc7-bac2-0602b1cb8869
351,a0a4d097-3f68-46e0-be33-d69f1d58be92
352,a0dbb727-2f4a-4020-845b-5d6a510537fa
353,a1548b3e-a193-4cef-b42c-9e211c848c2c
354,a18c7a66-8503-41d9-89c6-16deb964da8f
355,a1d18138-138b-49c5-9d54-f3fbaf5e7678
356,a1db21a2-9161-4178-907a-40d8dd891ea2
357,a2020477-b263-4742-a335-8dc980eb984c
358,a27044a8-2694-4e67-98ae-48a69f4f1e57
359,a27ba6ec-83af-4ea7-8fcc-81cb9e48b16c
360,a2df4aa4-d773-4fe8-a96b-f5918355c3b0
361,a452e164-1b21-4c5b-af9a-8641a2110d4c
362,a59038ce-ba78-4df9-87b8-a0605913b0c1
363,a5dc91b0-3c0b-4f90-ae87-09f11ca051b2
364,a677823d-ea1e-4751-a408-0f9bcf0a7c36
365,a68d3210-7899-444a-b910-2b2773ed50b3
366,a73175eb-d6b9-4857-9f5b-f80cc434948f
367,a988190e-3b63-4aba-b368-8b9d4505c569
368,a98b18a2-6847-41c6-adea-20166d1477fe
369,aab8e226-e104-409e-aeb8-671f30d16442
370,aace674c-4bd8-40b8-a8c2-7ae81a531d61
371,aad84dd0-1581-4f9a-a87c-91895abfc8b4
372,abafb8af-0176-4a0e-90b9-d71bdea9cb64
373,abe0bf8e-883c-49fe-930d-3d5b2a5d21fd
374,ac4ee794-32a1-4d79-990b-eaa18486959e
375,acd4be8d-bd04-48a7-b54d-7d6a3f90a61b
376,ae6ed6b8-d17c-429d-b63c-39039503bae6
377,afa2deb2-cc30-449c-90b9-613e75517f92
378,b13f1e58-a7ee-47af-8f18-a6fc17f1d476
379,b4061188-64fb-43cd-bf54-b652316d616c
380,b47b4e1f-5766-4bf6-8468-e4f9b4771c20
381,b5c817d4-8e10-4953-a5e2-0f5531d8108f
382,b61cb586-78b8-4a21-b363-aa3dc1683e7a
383,b65e9b76-f252-47b9-9ee1-ca5bb5abd9a6
384,b6914d54-0b20-4aae-926e-d4cd245ed068
385,b8dc4b94-791b-4f78-aafb-6de37c5f3a33
386,b921e304-b610-4c17-98cc-bf4a5c8ad852
387,b96d9a1f-c215-4f1b-86b3-7d2a8fc840ec
388,b9c85455-26d9-43f9-97f6-ed85952778d1
389,b9db88fc-7338-4b8d-9581-9cca98b104bb
390,b9ea059a-99c0-492d-ab10-1f0eb5452876
391,ba7c8c50-667f-417a-9538-39a0e8837903
392,bac55af1-23fc-4c19-8c38-3fc7cafe5e3e
393,bb40578c-49e0-4f16-973e-ec9d88be9454
394,bbeff1ed-715a-41d8-9675-157312d699c5
395,bc2c14f3-3e58-4948-a8d7-745efcc0eccd
396,bc4d5d69-1b77-4c82-a43c-94dc416403ab
397,be13cf3d-3313-4cd1-aaf0-afa9e023b9e1
398,c04a670d-b878-481d-b9c0-06e61c3d9fef
399,c0f4ade5-174d-46df-98d5-11c870b7571e
400,c14539cb-0a24-4d47-89d2-e96ad74184c8
401,c168266c-adaa-4219-a1c1-47cf25457880
402,c1720ce1-ebfc-4a04-9d41-d78966773f3e
403,c1fa1abc-04d5-4833-9d81-bd0c73ff5b0c
404,c2fc3eff-8adc-403b-9ccf-79dbb50414a4
405,c365db74-4cd4-40b7-9f5a-aa0a002867af
406,c3e3d192-aa28-4d76-84f8-7933f854dd9e
407,c48a779d-c7e6-4a8b-a252-0e5bedae9470
408,c4b58d03-d6c9-4096-851d-d44aed2d7989
409,c507d162-4453-4db3-a106-d64d9e4927fc
410,c522d595-4ac1-4223-9ce4-8cd77e7c8bf8
411,c5962b16-05f0-40cd-8516-b06ba4bed026
412,c5b077ad-4521-4e5b-96d3-f13319a7a5ef
413,c70a73b2-d873-4e59-87e3-4f3d449a3d41
414,c71291be-05a6-408f-af54-5f8d2d80c8ef
415,c7159089-01ac-497f-adce-e82354f37329
416,c7164d60-055e-452c-bcbf-4deb1ec6d8da
417,c7b0ea6a-47d4-4bb1-8edf-9ffcd3a08677
418,c7cb0f5b-565c-4adf-8d77-b119705d09de
419,c808b875-2067-4107-83e1-11c8fbbaaeb1
420,c82fd19b-1505-485d-ac0c-fa42da9609a8
421,c835dec6-1eb5-4d78-bc41-9dec7cf87053
422,c847df78-a6ad-47e1-8d77-2bfbd0e6777b
423,c84eb161-8c45-43f9-8703-00524b92e27d
424,c9aeb9da-1d7a-4f8b-a088-50518bcf5c76
425,ca21d0b6-7ce1-4a81-aa32-8f1945e954a7
426,cac919fb-c84d-4475-b3dd-630a42c89192
427,cc4306fa-e59e-4e20-b2e4-5b800519d4a3
428,ccfbd37f-efa5-4af8-844a-6e1c9eb61695
429,cd2c8cd5-1694-42df-a3c5-a5ca430b7fc2
430,ce9d9f91-e7e6-4292-90d6-b210cb47c804
431,ceab7863-fff8-4579-8cfe-deb0b389ac47
432,cec37b6f-5140-4b30-8746-dc13495c3700
433,cf3358ad-0d92-45c1-b5da-0f9630f4eecd
434,d00c6449-da1a-4c2e-ad01-2a8ad0b95fdc
435,d0cd72fe-48e3-468d-b4ed-d62497fce544
436,d0e4cff2-b594-4685-bb7f-da6b15ff70d4
437,d295dd2c-e881-4090-a1a2-db6cdff0b4e7
438,d2c70c6e-4ce2-4550-8c7e-754d3efee238
439,d4296617-d0d8-4023-96af-afa354002ef7
440,d48c2004-c0f8-4dda-9f6d-1fcfa1d1dfb6
441,d4d00321-39a3-4bf7-806b-bdad1bb2dc94
442,d5480d80-210c-4a80-ba0a-0e099cfc20a4
443,d5c61c1c-5523-4436-ad70-2b561e5529a1
444,d6193a8d-9f0d-42a6-a930-fe818a876182
445,d627e583-80fa-40cb-aa9f-a6dec042efa3
446,d6918172-6820-4195-aedc-7ec950004ce3
447,d7439a53-8413-4374-8eb2-13546055ed3e
448,d7a2048c-8e39-45a7-8d81-726adce940a4
449,d7a9f8d2-3dc6-43b8-9806-2d0edde6cbc2
450,d945c57d-4f23-4eb2-88d8-e232c533933a
451,d98dc2b0-ebd9-4936-9692-b590e1014450
452,da173d04-bc02-4bcd-aa68-a22300bd6cc9
453,dc5e9001-708b-4a80-b0bc-1be4a5e7acc5
454,dc6decb4-f07d-44f5-a881-90d6f09dca0f
455,dcd56bbe-8667-44a5-beec-2a8e90160776
456,dd9546a1-2c0f-455d-8780-62d010267937
457,ddb02247-a24d-4033-be33-d7dbf7722a17
458,dde878c6-cff2-4e84-ba61-b7d2d0c9d5e2
459,de167137-4d67-46c3-8fae-b831389a672d
460,de7a05f4-cf2b-45e5-90cc-a928ccd0c1fc
461,deb3dab9-daba-4da2-a564-86a9b231f37b
462,dfb4c419-5e24-43d3-970f-e9c00f88be29
463,e05628aa-40e4-453a-9570-01c1779b0846
464,e1f644d3-e146-4d9a-9dd8-4ee7d2510925
465,e244cb88-af75-4f45-900c-f42161d3d3fb
466,e2c58b1b-2385-46aa-b232-617763877a75
467,e3297352-c783-4e3e-b0e2-c7d7daf46e27
468,e4aa7e15-a775-4425-9289-5f5cbb319f49
469,e4dc15ca-977b-4b84-97ae-b8655e3a2123
470,e4f4eb3c-6cd4-4ce8-97c3-87da3a5b7913
471,e597eef6-ac62-4518-a2fe-52c2ae86fc25
472,e6aa491f-eb98-4d62-867a-7b4f9e094c7a
473,e78a86f3-1aa0-4580-aacb-18ec30e969a8
474,e7db3b06-62a5-4bc5-890c-1d2d0c60a00f
475,e827e8b6-dd74-49c8-8481-dfc15eea9197
476,e8a66a2d-0cb1-4e6d-abc1-579bb66a8cc3
477,ea00c6c1-b3c5-4217-b095-f8fe9cdf3af1
478,ea0b67fd-1454-4762-b0f3-33fc6730cacd
479,eb4df3fc-d2ad-40da-a872-408078e5e757
480,ec483bb9-6188-4085-bbf8-2366e827eeb3
481,ec8169a5-8194-4a27-9628-f54dd850dc39
482,eda8dd51-f4ed-4759-a890-27e725b124b2
483,edf3eded-8c0f-4181-a108-f33cd52dae5c
484,eeac50a2-4c35-415d-961d-6549b4235eec
485,ef471ef6-a310-40fa-83c0-28558528ae57
486,ef80e334-050b-428f-97e3-f5d7ffc50283
487,f01877ec-89cc-4681-bc93-e86a026d35c8
488,f1889513-69e1-4487-8b6d-606c20493dd1
489,f2912479-9557-4b36-977f-d1523f01d328
490,f2de22c1-623d-4778-8d4e-61c7decab682
491,f2e46d83-17a2-46ae-a3de-45c2f0cf754e
492,f301aff6-e778-47db-a5da-4517cb30ce1e
493,f3fa837e-8f20-43a2-8b64-aac6a3eb8ebd
494,f445a8dd-d393-44f1-ad50-54af8d6e6a6e
495,f47cc87a-1402-415b-92ab-4d332bbc0f4d
496,f4a6845d-c613-4339-8c8e-00d470550b71
497,f5a4f234-6d9b-47bc-8348-fbbae0fbb8b0
498,f655696d-ed13-4d0a-b425-7327e72fb612
499,f74ffe4a-13b7-461a-aa11-303dcd20ce70
500,f7893f82-b2d6-4827-8015-9d1a07bb7c0c
501,f7db7b73-ee91-439a-87a0-005058982295
502,f80972f8-f9c4-4a31-a492-d51a4ae75a14
503,f822dad2-a88b-476d-a0ec-e14c082510a4
504,f900d443-b26f-4542-a79c-9ac38c704b19
505,f90e3936-e4fe-47dc-aed7-00f1be4379d5
506,f9e3f7e6-443b-40bf-95ed-7d23a1cb0006
507,fb6d8adf-f969-427e-b504-4ce06730fd58
508,fb7c6861-679f-4599-8bab-c40a0688c543
509,fc25b847-4569-4482-b68e-41c59c3113b7
510,fcf6859a-c3d4-4e8f-8bbc-72bfc6a7b71d
511,fd07945d-f43c-4fa8-b8f4-43e3c6e1223b
512,fd89aff1-0c90-4ecb-b1f8-7b4845c3d8b7
513,fdce9422-0cbb-40e6-bfe7-cb0d2d6f794d
514,febd60b7-ec34-4456-8d88-055311645cbf
515,febfe888-0305-4623-bfe0-84229006bd43
516,ff37644f-05f0-4d04-bfec-a9ad136b2e42
517,ff73ac69-65b3-43ae-ad3a-36e7a784fcb1
518,ffa312f2-c109-402c-9f33-8a1f70df381c
519,ffb8447a-8af3-4f26-bdbf-198faf3b81b4
